# Blender 5.0.1
# www.blender.org
mtllib Rivals Water Balloon Perfecto.mtl
o watahbalon.002
v -0.143035 0.199794 -0.332534
v -0.262499 0.199794 -0.252578
v -0.257528 0.304625 -0.247329
v -0.143035 0.199794 -0.332534
v -0.252998 0.092597 -0.243166
v -0.262499 0.199794 -0.252578
v -0.139873 0.304625 -0.325702
v -0.257528 0.304625 -0.247329
v -0.227658 0.400347 -0.217464
v -0.139873 0.304625 -0.325702
v -0.143035 0.199794 -0.332534
v -0.257528 0.304625 -0.247329
v -0.138065 0.092597 -0.320226
v -0.233085 0.000667 -0.223120
v -0.252998 0.092597 -0.243166
v -0.252998 0.092597 -0.243166
v -0.143035 0.199794 -0.332534
v -0.138065 0.092597 -0.320226
v -0.233085 0.000667 -0.223120
v -0.138065 0.092597 -0.320226
v -0.127197 0.000667 -0.294072
v -0.001864 0.199794 -0.360635
v -0.143035 0.199794 -0.332534
v -0.139873 0.304625 -0.325702
v -0.001864 0.199794 -0.360635
v -0.138065 0.092597 -0.320226
v -0.143035 0.199794 -0.332534
v -0.124035 0.400347 -0.286651
v -0.139873 0.304625 -0.325702
v -0.227658 0.400347 -0.217464
v -0.001864 0.092597 -0.347333
v -0.127197 0.000667 -0.294072
v -0.138065 0.092597 -0.320226
v -0.138065 0.092597 -0.320226
v -0.001864 0.199794 -0.360635
v -0.001864 0.092597 -0.347333
v -0.127197 0.000667 -0.294072
v -0.001864 0.092597 -0.347333
v -0.001864 0.000667 -0.318959
v 0.123482 0.000667 -0.294072
v -0.001864 0.000667 -0.318959
v -0.001864 0.092597 -0.347333
v 0.134336 0.092601 -0.320226
v 0.123482 0.000667 -0.294072
v -0.001864 0.092597 -0.347333
v 0.134336 0.092601 -0.320226
v -0.001864 0.092597 -0.347333
v -0.001864 0.199794 -0.360635
v 0.229812 0.000667 -0.223120
v 0.123482 0.000667 -0.294072
v 0.134336 0.092601 -0.320226
v -0.001864 0.304625 -0.353214
v -0.139873 0.304625 -0.325702
v -0.124035 0.400347 -0.286651
v -0.001864 0.304625 -0.353214
v -0.001864 0.199794 -0.360635
v -0.139873 0.304625 -0.325702
v -0.001864 0.400347 -0.310950
v -0.124035 0.400347 -0.286651
v -0.104577 0.458760 -0.239500
v -0.001864 0.400347 -0.310950
v -0.001864 0.304625 -0.353214
v -0.124035 0.400347 -0.286651
v -0.001864 0.458760 -0.259953
v -0.001864 0.400347 -0.310950
v -0.104577 0.458760 -0.239500
v 0.100862 0.458760 -0.239500
v -0.001864 0.400347 -0.310950
v -0.001864 0.458760 -0.259953
v -0.001864 0.400347 -0.310950
v 0.100862 0.458760 -0.239500
v 0.120320 0.400347 -0.286651
v 0.120320 0.400347 -0.286651
v -0.001864 0.304625 -0.353214
v -0.001864 0.400347 -0.310950
v -0.001864 0.304625 -0.353214
v 0.120320 0.400347 -0.286651
v 0.136601 0.304625 -0.325702
v 0.136601 0.304625 -0.325702
v -0.001864 0.199794 -0.360635
v -0.001864 0.304625 -0.353214
v 0.223930 0.400347 -0.217464
v 0.136601 0.304625 -0.325702
v 0.120320 0.400347 -0.286651
v -0.001864 0.199794 -0.360635
v 0.136601 0.304625 -0.325702
v 0.139321 0.199794 -0.332534
v 0.139321 0.199794 -0.332534
v 0.134336 0.092601 -0.320226
v -0.001864 0.199794 -0.360635
v 0.136601 0.304625 -0.325702
v 0.223930 0.400347 -0.217464
v 0.253799 0.304625 -0.247329
v 0.253799 0.304625 -0.247329
v 0.139321 0.199794 -0.332534
v 0.136601 0.304625 -0.325702
v 0.139321 0.199794 -0.332534
v 0.253799 0.304625 -0.247329
v 0.259226 0.199794 -0.252578
v 0.249726 0.092601 -0.243166
v 0.134336 0.092601 -0.320226
v 0.139321 0.199794 -0.332534
v 0.259226 0.199794 -0.252578
v 0.249726 0.092601 -0.243166
v 0.139321 0.199794 -0.332534
v 0.249726 0.092601 -0.243166
v 0.229812 0.000667 -0.223120
v 0.134336 0.092601 -0.320226
v -0.001864 0.000667 -0.318959
v -0.001864 -0.084747 -0.260089
v -0.104577 -0.084747 -0.239681
v -0.001864 0.000667 -0.318959
v -0.104577 -0.084747 -0.239681
v -0.127197 0.000667 -0.294072
v 0.100862 -0.084747 -0.239681
v -0.001864 0.000667 -0.318959
v 0.123482 0.000667 -0.294072
v -0.001864 0.000667 -0.318959
v 0.100862 -0.084747 -0.239681
v -0.001864 -0.084747 -0.260089
v 0.188191 -0.084747 -0.181490
v 0.123482 0.000667 -0.294072
v 0.229812 0.000667 -0.223120
v 0.123482 0.000667 -0.294072
v 0.188191 -0.084747 -0.181490
v 0.100862 -0.084747 -0.239681
v -0.127197 0.000667 -0.294072
v -0.191464 -0.084747 -0.181490
v -0.233085 0.000667 -0.223120
v -0.127197 0.000667 -0.294072
v -0.104577 -0.084747 -0.239681
v -0.191464 -0.084747 -0.181490
v 0.001312 -0.291621 0.015257
v -0.003217 -0.292670 0.014397
v -0.002761 -0.288869 0.011682
v -0.000055 -0.288050 0.012090
v 0.001312 -0.291621 0.015257
v -0.002761 -0.288869 0.011682
v -0.006380 -0.288213 0.011909
v -0.003673 -0.285909 0.010144
v -0.005026 -0.289425 0.011863
v -0.003673 -0.285909 0.010144
v -0.006380 -0.288213 0.011909
v -0.004571 -0.284810 0.010415
v -0.003217 -0.279959 -0.023386
v -0.016792 -0.286870 -0.018680
v -0.018601 -0.283163 -0.018771
v -0.016792 -0.286870 -0.018680
v -0.003217 -0.279959 -0.023386
v -0.001864 -0.283747 -0.022843
v -0.018601 -0.283163 -0.018771
v -0.004129 -0.276268 -0.021893
v -0.003217 -0.279959 -0.023386
v -0.004129 -0.276268 -0.021893
v -0.018601 -0.283163 -0.018771
v -0.019057 -0.279425 -0.017142
v -0.001864 -0.283747 -0.022843
v -0.013629 -0.290105 -0.016644
v -0.016792 -0.286870 -0.018680
v -0.013629 -0.290105 -0.016644
v -0.001864 -0.283747 -0.022843
v -0.000497 -0.287199 -0.020083
v 0.012621 -0.277529 -0.019495
v -0.001864 -0.283747 -0.022843
v -0.003217 -0.279959 -0.023386
v -0.003217 -0.279959 -0.023386
v 0.011268 -0.273846 -0.018318
v 0.012621 -0.277529 -0.019495
v 0.011268 -0.273846 -0.018318
v -0.003217 -0.279959 -0.023386
v -0.004129 -0.276268 -0.021893
v -0.001864 -0.283747 -0.022843
v 0.012621 -0.277529 -0.019495
v 0.013077 -0.281408 -0.018997
v 0.012621 -0.285054 -0.016599
v -0.001864 -0.283747 -0.022843
v 0.013077 -0.281408 -0.018997
v -0.001864 -0.283747 -0.022843
v 0.012621 -0.285054 -0.016599
v -0.000497 -0.287199 -0.020083
v -0.024028 -0.326064 -0.006780
v -0.012719 -0.298445 -0.000309
v -0.013629 -0.327476 -0.013431
v -0.021322 -0.352694 -0.028183
v -0.024028 -0.326064 -0.006780
v -0.013629 -0.327476 -0.013431
v -0.021322 -0.352694 -0.028183
v -0.038059 -0.350401 -0.017368
v -0.024028 -0.326064 -0.006780
v -0.018601 -0.283163 -0.018771
v -0.027660 -0.289950 -0.007458
v -0.029469 -0.286295 -0.006961
v -0.027660 -0.289950 -0.007458
v -0.018601 -0.283163 -0.018771
v -0.016792 -0.286870 -0.018680
v 0.017593 -0.352694 -0.028183
v 0.020314 -0.326064 -0.006780
v 0.034344 -0.350401 -0.017368
v 0.020314 -0.326064 -0.006780
v 0.017593 -0.352694 -0.028183
v 0.010357 -0.327476 -0.013431
v 0.010357 -0.327476 -0.013431
v 0.009004 -0.298445 -0.000309
v 0.020314 -0.326064 -0.006780
v -0.001864 -0.353499 -0.031939
v 0.010357 -0.327476 -0.013431
v 0.017593 -0.352694 -0.028183
v 0.009004 -0.298445 -0.000309
v 0.003562 -0.276792 -0.004924
v 0.008548 -0.276779 -0.001847
v 0.009004 -0.298445 -0.000309
v 0.010357 -0.327476 -0.013431
v 0.004018 -0.299141 -0.003612
v 0.003562 -0.276792 -0.004924
v 0.009004 -0.298445 -0.000309
v 0.004018 -0.299141 -0.003612
v 0.010357 -0.327476 -0.013431
v -0.001864 -0.353499 -0.031939
v -0.001864 -0.327974 -0.015784
v -0.001864 -0.327974 -0.015784
v 0.004018 -0.299141 -0.003612
v 0.010357 -0.327476 -0.013431
v -0.001864 -0.353499 -0.031939
v -0.013629 -0.327476 -0.013431
v -0.001864 -0.327974 -0.015784
v 0.004018 -0.299141 -0.003612
v -0.001864 -0.327974 -0.015784
v -0.001864 -0.299385 -0.004743
v -0.013629 -0.327476 -0.013431
v -0.001864 -0.353499 -0.031939
v -0.021322 -0.352694 -0.028183
v 0.004018 -0.299141 -0.003612
v -0.001864 -0.276797 -0.006010
v 0.003562 -0.276792 -0.004924
v -0.001864 -0.276797 -0.006010
v 0.004018 -0.299141 -0.003612
v -0.001864 -0.299385 -0.004743
v -0.001864 -0.327974 -0.015784
v -0.007747 -0.299141 -0.003612
v -0.001864 -0.299385 -0.004743
v -0.007747 -0.299141 -0.003612
v -0.001864 -0.276797 -0.006010
v -0.001864 -0.299385 -0.004743
v -0.007747 -0.299141 -0.003612
v -0.001864 -0.327974 -0.015784
v -0.013629 -0.327476 -0.013431
v -0.001864 -0.276797 -0.006010
v -0.007747 -0.299141 -0.003612
v -0.007291 -0.276792 -0.004924
v -0.012719 -0.298445 -0.000309
v -0.007291 -0.276792 -0.004924
v -0.007747 -0.299141 -0.003612
v -0.013629 -0.327476 -0.013431
v -0.012719 -0.298445 -0.000309
v -0.007747 -0.299141 -0.003612
v -0.007291 -0.276792 -0.004924
v -0.012719 -0.298445 -0.000309
v -0.011820 -0.276779 -0.001847
v 0.018049 -0.298878 -0.006508
v 0.006739 -0.296282 -0.017323
v 0.008548 -0.292987 -0.018499
v 0.018049 -0.298878 -0.006508
v 0.008548 -0.292987 -0.018499
v 0.019858 -0.295593 -0.007549
v 0.008548 -0.292987 -0.018499
v 0.020314 -0.291865 -0.007549
v 0.019858 -0.295593 -0.007549
v 0.020314 -0.291865 -0.007549
v 0.008548 -0.292987 -0.018499
v 0.009445 -0.289385 -0.018002
v 0.000856 -0.281969 0.009872
v 0.003121 -0.285720 0.009284
v -0.000055 -0.283091 0.011094
v -0.008203 -0.287136 0.010415
v -0.005938 -0.283765 0.009329
v -0.007291 -0.287404 0.011275
v -0.007291 -0.287404 0.011275
v -0.005938 -0.283765 0.009329
v -0.005482 -0.284027 0.010099
v 0.006739 -0.296282 -0.017323
v -0.008203 -0.291819 -0.020762
v -0.006380 -0.288499 -0.022210
v 0.006739 -0.296282 -0.017323
v -0.006380 -0.288499 -0.022210
v 0.008548 -0.292987 -0.018499
v 0.008548 -0.292987 -0.018499
v -0.006380 -0.288499 -0.022210
v -0.004571 -0.285091 -0.021712
v 0.008548 -0.292987 -0.018499
v -0.004571 -0.285091 -0.021712
v 0.009445 -0.289385 -0.018002
v -0.004571 -0.285091 -0.021712
v 0.009445 -0.285833 -0.015649
v 0.009445 -0.289385 -0.018002
v 0.009445 -0.285833 -0.015649
v -0.004571 -0.285091 -0.021712
v -0.002761 -0.281995 -0.019042
v 0.001754 -0.286891 0.011139
v 0.001312 -0.291621 0.015257
v -0.000055 -0.288050 0.012090
v 0.001312 -0.291621 0.015257
v 0.001754 -0.286891 0.011139
v 0.005827 -0.290217 0.013402
v 0.001754 -0.286891 0.011139
v -0.000055 -0.288050 0.012090
v -0.001408 -0.284158 0.011501
v -0.000055 -0.283091 0.011094
v 0.001754 -0.286891 0.011139
v -0.001408 -0.284158 0.011501
v -0.004571 -0.289105 0.009918
v -0.004129 -0.285072 0.009918
v -0.002761 -0.288869 0.011682
v -0.003217 -0.284888 0.011094
v -0.002761 -0.288869 0.011682
v -0.004129 -0.285072 0.009918
v -0.001408 -0.284158 0.011501
v -0.000055 -0.288050 0.012090
v -0.003217 -0.284888 0.011094
v -0.000055 -0.288050 0.012090
v -0.002761 -0.288869 0.011682
v -0.003217 -0.284888 0.011094
v -0.005482 -0.284027 0.010099
v -0.002761 -0.281321 0.010958
v -0.004571 -0.284810 0.010415
v -0.002761 -0.281321 0.010958
v -0.005482 -0.284027 0.010099
v -0.004571 -0.280326 0.010687
v -0.020866 -0.283345 -0.017775
v -0.030822 -0.278892 -0.006418
v -0.028557 -0.275693 -0.006915
v -0.020866 -0.283345 -0.017775
v -0.028557 -0.275693 -0.006915
v -0.018601 -0.280096 -0.017730
v -0.007291 -0.287404 0.011275
v -0.004571 -0.284810 0.010415
v -0.006380 -0.288213 0.011909
v -0.004571 -0.284810 0.010415
v -0.007291 -0.287404 0.011275
v -0.005482 -0.284027 0.010099
v -0.000497 -0.278150 0.014035
v -0.004571 -0.280326 0.010687
v -0.004571 -0.276615 0.013357
v -0.004571 -0.280326 0.010687
v -0.000497 -0.278150 0.014035
v -0.002761 -0.281321 0.010958
v -0.005938 -0.283765 0.009329
v -0.004571 -0.280326 0.010687
v -0.005482 -0.284027 0.010099
v -0.004571 -0.280326 0.010687
v -0.005938 -0.283765 0.009329
v -0.005938 -0.279919 0.009329
v -0.008203 -0.291819 -0.020762
v -0.021776 -0.286778 -0.016146
v -0.020866 -0.283345 -0.017775
v -0.008203 -0.291819 -0.020762
v -0.020866 -0.283345 -0.017775
v -0.006380 -0.288499 -0.022210
v -0.006380 -0.288499 -0.022210
v -0.020866 -0.283345 -0.017775
v -0.018601 -0.280096 -0.017730
v -0.006380 -0.288499 -0.022210
v -0.018601 -0.280096 -0.017730
v -0.004571 -0.285091 -0.021712
v -0.004571 -0.285091 -0.021712
v -0.018601 -0.280096 -0.017730
v -0.014983 -0.277458 -0.015739
v -0.004571 -0.285091 -0.021712
v -0.014983 -0.277458 -0.015739
v -0.002761 -0.281995 -0.019042
v 0.024842 -0.280457 -0.008182
v 0.012621 -0.277529 -0.019495
v 0.024842 -0.276534 -0.008137
v 0.012621 -0.277529 -0.019495
v 0.023476 -0.272856 -0.007051
v 0.024842 -0.276534 -0.008137
v 0.012621 -0.277529 -0.019495
v 0.024842 -0.280457 -0.008182
v 0.013077 -0.281408 -0.018997
v 0.023476 -0.272856 -0.007051
v 0.012621 -0.277529 -0.019495
v 0.011268 -0.273846 -0.018318
v -0.004571 -0.281109 0.012316
v -0.004129 -0.285072 0.009918
v -0.005938 -0.281298 0.011049
v -0.004129 -0.285072 0.009918
v -0.004571 -0.281109 0.012316
v -0.003217 -0.284888 0.011094
v -0.004571 -0.284810 0.010415
v -0.001408 -0.282584 0.010189
v -0.003673 -0.285909 0.010144
v -0.001408 -0.282584 0.010189
v -0.004571 -0.284810 0.010415
v -0.002761 -0.281321 0.010958
v -0.000497 -0.278150 0.014035
v -0.001408 -0.282584 0.010189
v -0.002761 -0.281321 0.010958
v -0.001408 -0.282584 0.010189
v -0.000497 -0.278150 0.014035
v 0.003121 -0.279942 0.012361
v -0.002761 -0.280376 0.013040
v -0.001408 -0.284158 0.011501
v -0.004571 -0.281109 0.012316
v -0.001408 -0.284158 0.011501
v -0.003217 -0.284888 0.011094
v -0.004571 -0.281109 0.012316
v -0.000952 -0.279254 0.012859
v -0.000055 -0.283091 0.011094
v -0.002761 -0.280376 0.013040
v -0.000055 -0.283091 0.011094
v -0.001408 -0.284158 0.011501
v -0.002761 -0.280376 0.013040
v -0.003673 -0.285909 0.010144
v -0.000497 -0.283743 0.008741
v -0.003217 -0.287018 0.009329
v -0.043043 -0.349024 0.001184
v -0.038059 -0.350401 -0.017368
v -0.033543 -0.352024 -0.012934
v -0.021322 -0.352694 -0.028183
v -0.033543 -0.352024 -0.012934
v -0.038059 -0.350401 -0.017368
v -0.038059 -0.350401 -0.017368
v -0.043043 -0.349024 0.001184
v -0.048926 -0.346974 -0.001169
v -0.033543 -0.352024 -0.012934
v -0.021322 -0.352694 -0.028183
v -0.019057 -0.354029 -0.022391
v -0.046662 -0.345481 0.017882
v -0.048926 -0.346974 -0.001169
v -0.043043 -0.349024 0.001184
v -0.001864 -0.353499 -0.031939
v -0.019057 -0.354029 -0.022391
v -0.021322 -0.352694 -0.028183
v -0.048926 -0.346974 -0.001169
v -0.046662 -0.345481 0.017882
v -0.053000 -0.342930 0.017882
v -0.019057 -0.354029 -0.022391
v -0.001864 -0.353499 -0.031939
v -0.001864 -0.354730 -0.025739
v -0.046662 -0.345481 0.017882
v -0.048926 -0.338884 0.036977
v -0.053000 -0.342930 0.017882
v -0.001864 -0.353499 -0.031939
v 0.015328 -0.354029 -0.022391
v -0.001864 -0.354730 -0.025739
v -0.048926 -0.338884 0.036977
v -0.046662 -0.345481 0.017882
v -0.043043 -0.341942 0.034579
v 0.015328 -0.354029 -0.022391
v -0.001864 -0.353499 -0.031939
v 0.017593 -0.352694 -0.028183
v -0.043043 -0.341942 0.034579
v -0.038059 -0.335455 0.053131
v -0.048926 -0.338884 0.036977
v 0.029814 -0.352024 -0.012934
v 0.015328 -0.354029 -0.022391
v 0.017593 -0.352694 -0.028183
v -0.038059 -0.335455 0.053131
v -0.043043 -0.341942 0.034579
v -0.033543 -0.338943 0.048742
v 0.017593 -0.352694 -0.028183
v 0.034344 -0.350401 -0.017368
v 0.029814 -0.352024 -0.012934
v -0.033543 -0.338943 0.048742
v -0.021322 -0.333160 0.063946
v -0.038059 -0.335455 0.053131
v 0.039314 -0.349024 0.001184
v 0.029814 -0.352024 -0.012934
v 0.034344 -0.350401 -0.017368
v -0.021322 -0.333160 0.063946
v -0.033543 -0.338943 0.048742
v -0.019057 -0.336938 0.058199
v 0.034344 -0.350401 -0.017368
v 0.045198 -0.346974 -0.001169
v 0.039314 -0.349024 0.001184
v 0.045198 -0.346974 -0.001169
v 0.042933 -0.345481 0.017882
v 0.039314 -0.349024 0.001184
v 0.045198 -0.346974 -0.001169
v 0.049272 -0.342930 0.017882
v 0.042933 -0.345481 0.017882
v -0.001864 -0.332359 0.067747
v -0.021322 -0.333160 0.063946
v -0.019057 -0.336938 0.058199
v -0.001864 -0.332359 0.067747
v -0.019057 -0.336938 0.058199
v -0.001864 -0.336232 0.061503
v 0.015328 -0.336938 0.058199
v -0.001864 -0.332359 0.067747
v -0.001864 -0.336232 0.061503
v -0.001864 -0.332359 0.067747
v 0.015328 -0.336938 0.058199
v 0.017593 -0.333160 0.063946
v 0.029814 -0.338943 0.048742
v 0.017593 -0.333160 0.063946
v 0.015328 -0.336938 0.058199
v 0.017593 -0.333160 0.063946
v 0.029814 -0.338943 0.048742
v 0.034344 -0.335455 0.053131
v 0.039314 -0.341942 0.034579
v 0.034344 -0.335455 0.053131
v 0.029814 -0.338943 0.048742
v 0.034344 -0.335455 0.053131
v 0.039314 -0.341942 0.034579
v 0.045198 -0.338884 0.036977
v 0.042933 -0.345481 0.017882
v 0.045198 -0.338884 0.036977
v 0.039314 -0.341942 0.034579
v 0.045198 -0.338884 0.036977
v 0.042933 -0.345481 0.017882
v 0.049272 -0.342930 0.017882
v -0.046662 -0.345481 0.017882
v -0.043043 -0.349024 0.001184
v -0.001864 -0.312412 0.013673
v -0.043043 -0.341942 0.034579
v -0.046662 -0.345481 0.017882
v -0.001864 -0.312412 0.013673
v -0.033543 -0.338943 0.048742
v -0.043043 -0.341942 0.034579
v -0.001864 -0.312412 0.013673
v -0.019057 -0.336938 0.058199
v -0.033543 -0.338943 0.048742
v -0.001864 -0.312412 0.013673
v -0.001864 -0.336232 0.061503
v -0.019057 -0.336938 0.058199
v -0.001864 -0.312412 0.013673
v 0.015328 -0.336938 0.058199
v -0.001864 -0.336232 0.061503
v -0.001864 -0.312412 0.013673
v 0.029814 -0.338943 0.048742
v 0.015328 -0.336938 0.058199
v -0.001864 -0.312412 0.013673
v 0.039314 -0.341942 0.034579
v 0.029814 -0.338943 0.048742
v -0.001864 -0.312412 0.013673
v 0.042933 -0.345481 0.017882
v 0.039314 -0.341942 0.034579
v -0.001864 -0.312412 0.013673
v 0.018960 -0.296232 0.023493
v 0.017593 -0.301132 0.009872
v 0.022578 -0.298842 0.008560
v 0.017593 -0.301132 0.009872
v 0.018960 -0.296232 0.023493
v 0.014430 -0.298575 0.023040
v 0.014430 -0.298575 0.023040
v 0.007195 -0.300295 0.011094
v 0.017593 -0.301132 0.009872
v 0.007195 -0.300295 0.011094
v 0.014430 -0.298575 0.023040
v 0.004930 -0.298376 0.019918
v -0.001864 -0.294597 0.014126
v 0.007195 -0.300295 0.011094
v 0.004930 -0.298376 0.019918
v 0.007195 -0.300295 0.011094
v -0.001864 -0.294597 0.014126
v -0.000952 -0.295806 0.010234
v 0.000856 -0.289490 0.038470
v -0.014983 -0.291910 0.034896
v -0.011820 -0.295092 0.030868
v 0.000856 -0.289490 0.038470
v -0.011820 -0.295092 0.030868
v 0.002209 -0.292756 0.034036
v 0.002209 -0.292756 0.034036
v -0.011820 -0.295092 0.030868
v -0.006380 -0.295834 0.022090
v 0.002209 -0.292756 0.034036
v -0.006380 -0.295834 0.022090
v 0.003121 -0.294101 0.024171
v -0.006380 -0.295834 0.022090
v 0.001312 -0.291621 0.015257
v 0.003121 -0.294101 0.024171
v 0.001312 -0.291621 0.015257
v -0.006380 -0.295834 0.022090
v -0.003217 -0.292670 0.014397
v 0.024388 -0.286879 0.019375
v 0.015328 -0.289748 0.029692
v 0.012166 -0.291837 0.021094
v 0.024388 -0.286879 0.019375
v 0.012166 -0.291837 0.021094
v 0.018049 -0.289679 0.014035
v 0.012166 -0.291837 0.021094
v 0.008092 -0.288897 0.009737
v 0.018049 -0.289679 0.014035
v 0.008092 -0.288897 0.009737
v 0.012166 -0.291837 0.021094
v 0.005827 -0.290217 0.013402
v 0.002209 -0.292756 0.034036
v 0.015328 -0.289748 0.029692
v 0.015784 -0.286336 0.033719
v 0.015784 -0.286336 0.033719
v 0.000856 -0.289490 0.038470
v 0.002209 -0.292756 0.034036
v 0.015328 -0.289748 0.029692
v 0.002209 -0.292756 0.034036
v 0.003121 -0.294101 0.024171
v 0.003121 -0.294101 0.024171
v 0.012166 -0.291837 0.021094
v 0.015328 -0.289748 0.029692
v 0.003121 -0.294101 0.024171
v 0.005827 -0.290217 0.013402
v 0.012166 -0.291837 0.021094
v 0.005827 -0.290217 0.013402
v 0.003121 -0.294101 0.024171
v 0.001312 -0.291621 0.015257
v 0.004930 -0.287973 -0.000264
v 0.017137 -0.287625 -0.003884
v 0.007195 -0.287729 0.002180
v 0.017137 -0.287625 -0.003884
v 0.004930 -0.287973 -0.000264
v 0.010357 -0.288213 -0.010219
v 0.004930 -0.287973 -0.000264
v 0.007195 -0.287729 0.002180
v 0.002209 -0.284461 0.005528
v 0.001312 -0.284647 0.004261
v 0.004930 -0.287973 -0.000264
v 0.002209 -0.284461 0.005528
v -0.010012 -0.294775 -0.016418
v -0.021776 -0.286778 -0.016146
v -0.008203 -0.291819 -0.020762
v -0.021776 -0.286778 -0.016146
v -0.010012 -0.294775 -0.016418
v -0.022219 -0.290113 -0.012164
v -0.010910 -0.295965 -0.006463
v -0.022219 -0.290113 -0.012164
v -0.010012 -0.294775 -0.016418
v -0.022219 -0.290113 -0.012164
v -0.010910 -0.295965 -0.006463
v -0.019057 -0.292647 -0.003522
v -0.010910 -0.295965 -0.006463
v -0.012263 -0.291982 0.004216
v -0.019057 -0.292647 -0.003522
v -0.012263 -0.291982 0.004216
v -0.010910 -0.295965 -0.006463
v -0.009100 -0.293774 0.002542
v 0.029814 -0.352024 -0.012934
v 0.039314 -0.349024 0.001184
v -0.001864 -0.312412 0.013673
v 0.039314 -0.349024 0.001184
v 0.042933 -0.345481 0.017882
v -0.001864 -0.312412 0.013673
v 0.015328 -0.354029 -0.022391
v 0.029814 -0.352024 -0.012934
v -0.001864 -0.312412 0.013673
v -0.033543 -0.352024 -0.012934
v -0.019057 -0.354029 -0.022391
v -0.001864 -0.312412 0.013673
v -0.043043 -0.349024 0.001184
v -0.033543 -0.352024 -0.012934
v -0.001864 -0.312412 0.013673
v -0.019057 -0.292647 -0.003522
v -0.012263 -0.291982 0.004216
v -0.024484 -0.289837 0.003175
v -0.014528 -0.290503 0.007474
v -0.024484 -0.289837 0.003175
v -0.012263 -0.291982 0.004216
v -0.012263 -0.291982 0.004216
v -0.009100 -0.288181 0.007836
v -0.014528 -0.290503 0.007474
v -0.009100 -0.288181 0.007836
v -0.012263 -0.291982 0.004216
v -0.008203 -0.289339 0.006388
v -0.032175 -0.283951 0.010596
v -0.029910 -0.286191 -0.002255
v -0.024484 -0.289837 0.003175
v -0.024484 -0.289837 0.003175
v -0.025837 -0.288199 0.011682
v -0.032175 -0.283951 0.010596
v -0.025837 -0.288199 0.011682
v -0.024484 -0.289837 0.003175
v -0.014528 -0.290503 0.007474
v -0.014528 -0.289715 0.011004
v -0.025837 -0.288199 0.011682
v -0.014528 -0.290503 0.007474
v -0.014528 -0.290503 0.007474
v -0.008645 -0.287407 0.009329
v -0.014528 -0.289715 0.011004
v -0.008645 -0.287407 0.009329
v -0.014528 -0.290503 0.007474
v -0.009100 -0.288181 0.007836
v 0.018049 -0.289679 0.014035
v 0.027093 -0.284869 0.005981
v 0.024388 -0.286879 0.019375
v 0.027093 -0.284869 0.005981
v 0.018049 -0.289679 0.014035
v 0.019858 -0.288154 0.004940
v 0.008092 -0.288897 0.009737
v 0.019858 -0.288154 0.004940
v 0.018049 -0.289679 0.014035
v 0.019858 -0.288154 0.004940
v 0.008092 -0.288897 0.009737
v 0.008548 -0.288023 0.005574
v 0.008092 -0.288897 0.009737
v 0.003121 -0.284847 0.007248
v 0.008548 -0.288023 0.005574
v 0.003121 -0.284847 0.007248
v 0.008092 -0.288897 0.009737
v 0.003121 -0.285720 0.009284
v -0.005026 -0.292873 0.016569
v -0.008645 -0.292186 0.028108
v -0.008645 -0.291226 0.016977
v -0.008645 -0.292186 0.028108
v -0.005026 -0.292873 0.016569
v -0.000952 -0.295399 0.026027
v -0.008645 -0.291226 0.016977
v -0.006380 -0.288213 0.011909
v -0.005026 -0.292873 0.016569
v -0.005026 -0.289425 0.011863
v -0.005026 -0.292873 0.016569
v -0.006380 -0.288213 0.011909
v -0.000497 -0.287199 -0.020083
v -0.007291 -0.291946 -0.010354
v -0.013629 -0.290105 -0.016644
v -0.007291 -0.291946 -0.010354
v -0.000497 -0.287199 -0.020083
v 0.001312 -0.289778 -0.012617
v 0.001312 -0.289778 -0.012617
v -0.003217 -0.290041 -0.000988
v -0.007291 -0.291946 -0.010354
v -0.003217 -0.290041 -0.000988
v 0.001312 -0.289778 -0.012617
v 0.001312 -0.288769 -0.001621
v -0.000497 -0.285385 0.003537
v -0.003217 -0.290041 -0.000988
v 0.001312 -0.288769 -0.001621
v -0.003217 -0.290041 -0.000988
v -0.000497 -0.285385 0.003537
v -0.002761 -0.286508 0.003718
v -0.008645 -0.287407 0.009329
v -0.013174 -0.289633 0.013764
v -0.014528 -0.289715 0.011004
v -0.013174 -0.289633 0.013764
v -0.008645 -0.287407 0.009329
v -0.008203 -0.287136 0.010415
v 0.012621 -0.285054 -0.016599
v 0.001312 -0.289778 -0.012617
v -0.000497 -0.287199 -0.020083
v 0.001312 -0.289778 -0.012617
v 0.012621 -0.285054 -0.016599
v 0.010357 -0.288213 -0.010219
v 0.010357 -0.288213 -0.010219
v 0.001312 -0.288769 -0.001621
v 0.001312 -0.289778 -0.012617
v 0.001312 -0.288769 -0.001621
v 0.010357 -0.288213 -0.010219
v 0.004930 -0.287973 -0.000264
v 0.001312 -0.288769 -0.001621
v 0.004930 -0.287973 -0.000264
v 0.001312 -0.284647 0.004261
v -0.000497 -0.285385 0.003537
v 0.001312 -0.288769 -0.001621
v 0.001312 -0.284647 0.004261
v -0.044397 -0.209369 0.110961
v -0.014528 -0.267570 0.038380
v -0.001864 -0.209369 0.119423
v -0.001864 -0.209369 0.119423
v -0.076517 -0.150322 0.188927
v -0.044397 -0.209369 0.110961
v -0.014528 -0.267570 0.038380
v -0.011820 -0.276669 0.018379
v -0.007291 -0.276651 0.021502
v 0.003562 -0.276651 0.021502
v -0.001864 -0.267855 0.040869
v -0.001864 -0.276648 0.022588
v -0.001864 -0.276648 0.022588
v -0.001864 -0.267855 0.040869
v -0.007291 -0.276651 0.021502
v -0.014528 -0.267570 0.038380
v -0.007291 -0.276651 0.021502
v -0.001864 -0.267855 0.040869
v -0.001864 -0.267855 0.040869
v -0.001864 -0.209369 0.119423
v -0.014528 -0.267570 0.038380
v -0.001864 -0.267855 0.040869
v 0.003562 -0.276651 0.021502
v 0.010812 -0.267570 0.038380
v 0.008548 -0.276669 0.018379
v 0.010812 -0.267570 0.038380
v 0.003562 -0.276651 0.021502
v 0.010812 -0.267570 0.038380
v -0.001864 -0.209369 0.119423
v -0.001864 -0.267855 0.040869
v 0.011711 -0.276692 0.013764
v 0.021211 -0.266751 0.031321
v 0.008548 -0.276669 0.018379
v 0.010812 -0.267570 0.038380
v 0.008548 -0.276669 0.018379
v 0.021211 -0.266751 0.031321
v 0.012621 -0.276724 0.008289
v 0.028461 -0.265533 0.020732
v 0.011711 -0.276692 0.013764
v 0.021211 -0.266751 0.031321
v 0.011711 -0.276692 0.013764
v 0.028461 -0.265533 0.020732
v 0.028461 -0.265533 0.020732
v 0.012621 -0.276724 0.008289
v 0.031167 -0.264095 0.008289
v 0.021211 -0.266751 0.031321
v 0.040669 -0.209369 0.110961
v 0.010812 -0.267570 0.038380
v -0.001864 -0.209369 0.119423
v 0.010812 -0.267570 0.038380
v 0.040669 -0.209369 0.110961
v 0.028461 -0.265533 0.020732
v 0.076876 -0.209370 0.086843
v 0.021211 -0.266751 0.031321
v 0.040669 -0.209369 0.110961
v 0.021211 -0.266751 0.031321
v 0.076876 -0.209370 0.086843
v 0.031167 -0.264095 0.008289
v 0.100862 -0.209370 0.050824
v 0.028461 -0.265533 0.020732
v 0.076876 -0.209370 0.086843
v 0.028461 -0.265533 0.020732
v 0.100862 -0.209370 0.050824
v 0.100862 -0.209370 0.050824
v 0.031167 -0.264095 0.008289
v 0.109452 -0.209370 0.008289
v 0.136601 -0.150322 0.146527
v 0.040669 -0.209369 0.110961
v 0.076876 -0.209370 0.086843
v 0.100862 -0.209370 0.050824
v 0.136601 -0.150322 0.146527
v 0.076876 -0.209370 0.086843
v 0.040669 -0.209369 0.110961
v 0.073258 -0.150322 0.188927
v -0.001864 -0.209369 0.119423
v 0.136601 -0.150322 0.146527
v 0.073258 -0.150322 0.188927
v 0.040669 -0.209369 0.110961
v 0.109452 -0.209370 0.008289
v 0.178691 -0.150322 0.083132
v 0.100862 -0.209370 0.050824
v 0.136601 -0.150322 0.146527
v 0.100862 -0.209370 0.050824
v 0.178691 -0.150322 0.083132
v 0.178691 -0.150322 0.083132
v 0.109452 -0.209370 0.008289
v 0.193619 -0.150322 0.008289
v 0.188191 -0.084746 0.198067
v 0.073258 -0.150322 0.188927
v 0.136601 -0.150322 0.146527
v 0.178691 -0.150322 0.083132
v 0.188191 -0.084746 0.198067
v 0.136601 -0.150322 0.146527
v 0.188191 -0.084746 0.198067
v 0.178691 -0.150322 0.083132
v 0.246107 -0.084746 0.111006
v 0.193619 -0.150322 0.008289
v 0.246107 -0.084746 0.111006
v 0.178691 -0.150322 0.083132
v 0.246107 -0.084746 0.111006
v 0.193619 -0.150322 0.008289
v 0.266476 -0.084747 0.008289
v 0.073258 -0.150322 0.188927
v 0.188191 -0.084746 0.198067
v 0.100862 -0.084746 0.256259
v -0.001864 -0.150322 0.203814
v 0.073258 -0.150322 0.188927
v 0.100862 -0.084746 0.256259
v 0.073258 -0.150322 0.188927
v -0.001864 -0.150322 0.203814
v -0.001864 -0.209369 0.119423
v 0.100862 -0.084746 0.256259
v -0.001864 -0.084746 0.276666
v -0.001864 -0.150322 0.203814
v -0.076517 -0.150322 0.188927
v -0.001864 -0.209369 0.119423
v -0.001864 -0.150322 0.203814
v -0.104577 -0.084746 0.256259
v -0.001864 -0.150322 0.203814
v -0.001864 -0.084746 0.276666
v -0.001864 -0.150322 0.203814
v -0.104577 -0.084746 0.256259
v -0.076517 -0.150322 0.188927
v -0.016792 -0.286870 -0.018680
v -0.023131 -0.293042 -0.006961
v -0.027660 -0.289950 -0.007458
v -0.023131 -0.293042 -0.006961
v -0.016792 -0.286870 -0.018680
v -0.013629 -0.290105 -0.016644
v -0.013629 -0.290105 -0.016644
v -0.014072 -0.294172 -0.003793
v -0.023131 -0.293042 -0.006961
v -0.014072 -0.294172 -0.003793
v -0.013629 -0.290105 -0.016644
v -0.007291 -0.291946 -0.010354
v -0.007291 -0.291946 -0.010354
v -0.003217 -0.290041 -0.000988
v -0.014072 -0.294172 -0.003793
v -0.014072 -0.294172 -0.003793
v -0.003217 -0.290041 -0.000988
v -0.006380 -0.291458 0.001908
v -0.022675 -0.296014 0.020778
v -0.014983 -0.291910 0.034896
v -0.026748 -0.292906 0.023628
v -0.014983 -0.291910 0.034896
v -0.022675 -0.296014 0.020778
v -0.011820 -0.295092 0.030868
v -0.013629 -0.296499 0.015167
v -0.011820 -0.295092 0.030868
v -0.022675 -0.296014 0.020778
v -0.011820 -0.295092 0.030868
v -0.013629 -0.296499 0.015167
v -0.006380 -0.295834 0.022090
v -0.013629 -0.296499 0.015167
v -0.003217 -0.292670 0.014397
v -0.006380 -0.295834 0.022090
v -0.003217 -0.292670 0.014397
v -0.013629 -0.296499 0.015167
v -0.006835 -0.293024 0.011094
v -0.001864 -0.150323 -0.187237
v -0.104577 -0.084747 -0.239681
v -0.001864 -0.084747 -0.260089
v 0.100862 -0.084747 -0.239681
v -0.001864 -0.150323 -0.187237
v -0.001864 -0.084747 -0.260089
v -0.104577 -0.084747 -0.239681
v -0.001864 -0.150323 -0.187237
v -0.076517 -0.150323 -0.172349
v -0.104577 -0.084747 -0.239681
v -0.076517 -0.150323 -0.172349
v -0.191464 -0.084747 -0.181490
v -0.001864 -0.150323 -0.187237
v 0.100862 -0.084747 -0.239681
v 0.073258 -0.150323 -0.172349
v 0.188191 -0.084747 -0.181490
v 0.073258 -0.150323 -0.172349
v 0.100862 -0.084747 -0.239681
v -0.001864 -0.209370 -0.102845
v -0.076517 -0.150323 -0.172349
v -0.001864 -0.150323 -0.187237
v 0.073258 -0.150323 -0.172349
v -0.001864 -0.209370 -0.102845
v -0.001864 -0.150323 -0.187237
v -0.191464 -0.084747 -0.181490
v -0.076517 -0.150323 -0.172349
v -0.139873 -0.150323 -0.129950
v 0.073258 -0.150323 -0.172349
v 0.188191 -0.084747 -0.181490
v 0.136601 -0.150323 -0.129950
v 0.136601 -0.150323 -0.129950
v 0.188191 -0.084747 -0.181490
v 0.178691 -0.150322 -0.066555
v 0.188191 -0.084747 -0.181490
v 0.246107 -0.084747 -0.094429
v 0.178691 -0.150322 -0.066555
v 0.266476 -0.084747 0.008289
v 0.178691 -0.150322 -0.066555
v 0.246107 -0.084747 -0.094429
v 0.178691 -0.150322 -0.066555
v 0.266476 -0.084747 0.008289
v 0.193619 -0.150322 0.008289
v 0.193619 -0.150322 0.008289
v 0.109452 -0.209370 0.008289
v 0.178691 -0.150322 -0.066555
v 0.136601 -0.150323 -0.129950
v 0.040669 -0.209370 -0.094384
v 0.073258 -0.150323 -0.172349
v -0.001864 -0.209370 -0.102845
v 0.073258 -0.150323 -0.172349
v 0.040669 -0.209370 -0.094384
v 0.178691 -0.150322 -0.066555
v 0.076876 -0.209370 -0.070265
v 0.136601 -0.150323 -0.129950
v 0.040669 -0.209370 -0.094384
v 0.136601 -0.150323 -0.129950
v 0.076876 -0.209370 -0.070265
v 0.178691 -0.150322 -0.066555
v 0.109452 -0.209370 0.008289
v 0.100862 -0.209370 -0.034246
v 0.076876 -0.209370 -0.070265
v 0.178691 -0.150322 -0.066555
v 0.100862 -0.209370 -0.034246
v 0.109452 -0.209370 0.008289
v 0.031167 -0.264095 0.008289
v 0.100862 -0.209370 -0.034246
v 0.100862 -0.209370 -0.034246
v 0.031167 -0.264095 0.008289
v 0.028461 -0.262656 -0.004155
v 0.100862 -0.209370 -0.034246
v 0.028461 -0.262656 -0.004155
v 0.076876 -0.209370 -0.070265
v 0.031167 -0.264095 0.008289
v 0.012621 -0.276724 0.008289
v 0.028461 -0.262656 -0.004155
v 0.040669 -0.209370 -0.094384
v 0.076876 -0.209370 -0.070265
v 0.021211 -0.261435 -0.014744
v 0.021211 -0.261435 -0.014744
v 0.076876 -0.209370 -0.070265
v 0.028461 -0.262656 -0.004155
v 0.028461 -0.262656 -0.004155
v 0.012621 -0.276724 0.008289
v 0.011711 -0.276751 0.002813
v 0.028461 -0.262656 -0.004155
v 0.011711 -0.276751 0.002813
v 0.021211 -0.261435 -0.014744
v 0.010812 -0.260619 -0.021803
v 0.040669 -0.209370 -0.094384
v 0.021211 -0.261435 -0.014744
v 0.010812 -0.260619 -0.021803
v -0.001864 -0.209370 -0.102845
v 0.040669 -0.209370 -0.094384
v 0.008548 -0.276779 -0.001847
v 0.021211 -0.261435 -0.014744
v 0.011711 -0.276751 0.002813
v 0.010812 -0.260619 -0.021803
v 0.021211 -0.261435 -0.014744
v 0.008548 -0.276779 -0.001847
v 0.003562 -0.276792 -0.004924
v 0.010812 -0.260619 -0.021803
v 0.008548 -0.276779 -0.001847
v -0.001864 -0.260335 -0.024291
v 0.003562 -0.276792 -0.004924
v -0.001864 -0.276797 -0.006010
v 0.003562 -0.276792 -0.004924
v -0.001864 -0.260335 -0.024291
v 0.010812 -0.260619 -0.021803
v -0.001864 -0.209370 -0.102845
v 0.010812 -0.260619 -0.021803
v -0.001864 -0.260335 -0.024291
v -0.007291 -0.276792 -0.004924
v -0.001864 -0.260335 -0.024291
v -0.001864 -0.276797 -0.006010
v -0.014528 -0.260619 -0.021803
v -0.001864 -0.209370 -0.102845
v -0.001864 -0.260335 -0.024291
v -0.001864 -0.260335 -0.024291
v -0.007291 -0.276792 -0.004924
v -0.014528 -0.260619 -0.021803
v 0.022578 -0.298842 0.008560
v 0.013520 -0.301300 -0.003657
v 0.018049 -0.298878 -0.006508
v 0.013520 -0.301300 -0.003657
v 0.022578 -0.298842 0.008560
v 0.017593 -0.301132 0.009872
v 0.017593 -0.301132 0.009872
v 0.004474 -0.300517 0.001999
v 0.013520 -0.301300 -0.003657
v 0.004474 -0.300517 0.001999
v 0.017593 -0.301132 0.009872
v 0.007195 -0.300295 0.011094
v 0.007195 -0.300295 0.011094
v -0.000952 -0.295806 0.010234
v 0.004474 -0.300517 0.001999
v 0.004474 -0.300517 0.001999
v -0.000952 -0.295806 0.010234
v -0.001864 -0.296073 0.006117
v -0.000952 -0.295399 0.026027
v -0.006835 -0.289924 0.035620
v -0.008645 -0.292186 0.028108
v -0.006835 -0.289924 0.035620
v -0.000952 -0.295399 0.026027
v 0.005386 -0.294467 0.032316
v -0.011820 -0.276779 -0.001847
v -0.014528 -0.260619 -0.021803
v -0.007291 -0.276792 -0.004924
v -0.001864 -0.209370 -0.102845
v -0.014528 -0.260619 -0.021803
v -0.044397 -0.209370 -0.094384
v -0.076517 -0.150323 -0.172349
v -0.001864 -0.209370 -0.102845
v -0.044397 -0.209370 -0.094384
v -0.076517 -0.150323 -0.172349
v -0.044397 -0.209370 -0.094384
v -0.139873 -0.150323 -0.129950
v -0.024939 -0.261435 -0.014744
v -0.044397 -0.209370 -0.094384
v -0.014528 -0.260619 -0.021803
v -0.014528 -0.260619 -0.021803
v -0.011820 -0.276779 -0.001847
v -0.024939 -0.261435 -0.014744
v -0.139873 -0.150323 -0.129950
v -0.044397 -0.209370 -0.094384
v -0.080150 -0.209370 -0.070265
v -0.044397 -0.209370 -0.094384
v -0.024939 -0.261435 -0.014744
v -0.080150 -0.209370 -0.070265
v -0.104577 -0.209370 -0.034246
v -0.139873 -0.150323 -0.129950
v -0.080150 -0.209370 -0.070265
v -0.032175 -0.262656 -0.004155
v -0.080150 -0.209370 -0.070265
v -0.024939 -0.261435 -0.014744
v -0.080150 -0.209370 -0.070265
v -0.032175 -0.262656 -0.004155
v -0.104577 -0.209370 -0.034246
v -0.014983 -0.276751 0.002813
v -0.024939 -0.261435 -0.014744
v -0.011820 -0.276779 -0.001847
v -0.024939 -0.261435 -0.014744
v -0.014983 -0.276751 0.002813
v -0.032175 -0.262656 -0.004155
v -0.139873 -0.150323 -0.129950
v -0.104577 -0.209370 -0.034246
v -0.182406 -0.150322 -0.066555
v -0.182406 -0.150322 -0.066555
v -0.191464 -0.084747 -0.181490
v -0.139873 -0.150323 -0.129950
v -0.191464 -0.084747 -0.181490
v -0.182406 -0.150322 -0.066555
v -0.249837 -0.084747 -0.094429
v -0.197348 -0.150322 0.008289
v -0.249837 -0.084747 -0.094429
v -0.182406 -0.150322 -0.066555
v -0.249837 -0.084747 -0.094429
v -0.197348 -0.150322 0.008289
v -0.270191 -0.084747 0.008289
v -0.197348 -0.150322 0.008289
v -0.249837 -0.084746 0.111006
v -0.270191 -0.084747 0.008289
v -0.182406 -0.150322 -0.066555
v -0.112725 -0.209370 0.008289
v -0.197348 -0.150322 0.008289
v -0.112725 -0.209370 0.008289
v -0.182406 -0.150322 -0.066555
v -0.104577 -0.209370 -0.034246
v -0.249837 -0.084746 0.111006
v -0.197348 -0.150322 0.008289
v -0.182406 -0.150322 0.083132
v -0.112725 -0.209370 0.008289
v -0.182406 -0.150322 0.083132
v -0.197348 -0.150322 0.008289
v -0.182406 -0.150322 0.083132
v -0.191464 -0.084746 0.198067
v -0.249837 -0.084746 0.111006
v -0.104577 -0.209370 -0.034246
v -0.034440 -0.264095 0.008289
v -0.112725 -0.209370 0.008289
v -0.034440 -0.264095 0.008289
v -0.104577 -0.209370 -0.034246
v -0.032175 -0.262656 -0.004155
v -0.182406 -0.150322 0.083132
v -0.112725 -0.209370 0.008289
v -0.104577 -0.209370 0.050824
v -0.034440 -0.264095 0.008289
v -0.104577 -0.209370 0.050824
v -0.112725 -0.209370 0.008289
v -0.191464 -0.084746 0.198067
v -0.182406 -0.150322 0.083132
v -0.139873 -0.150322 0.146527
v -0.104577 -0.209370 0.050824
v -0.139873 -0.150322 0.146527
v -0.182406 -0.150322 0.083132
v -0.076517 -0.150322 0.188927
v -0.191464 -0.084746 0.198067
v -0.139873 -0.150322 0.146527
v -0.191464 -0.084746 0.198067
v -0.076517 -0.150322 0.188927
v -0.104577 -0.084746 0.256259
v -0.139873 -0.150322 0.146527
v -0.104577 -0.209370 0.050824
v -0.080150 -0.209370 0.086843
v -0.032175 -0.262656 -0.004155
v -0.015895 -0.276724 0.008289
v -0.034440 -0.264095 0.008289
v -0.015895 -0.276724 0.008289
v -0.032175 -0.262656 -0.004155
v -0.014983 -0.276751 0.002813
v -0.104577 -0.209370 0.050824
v -0.034440 -0.264095 0.008289
v -0.032175 -0.265533 0.020732
v -0.015895 -0.276724 0.008289
v -0.032175 -0.265533 0.020732
v -0.034440 -0.264095 0.008289
v -0.032175 -0.265533 0.020732
v -0.080150 -0.209370 0.086843
v -0.104577 -0.209370 0.050824
v -0.032175 -0.265533 0.020732
v -0.015895 -0.276724 0.008289
v -0.014983 -0.276692 0.013764
v -0.080150 -0.209370 0.086843
v -0.032175 -0.265533 0.020732
v -0.024939 -0.266751 0.031321
v -0.014983 -0.276692 0.013764
v -0.024939 -0.266751 0.031321
v -0.032175 -0.265533 0.020732
v -0.044397 -0.209369 0.110961
v -0.139873 -0.150322 0.146527
v -0.080150 -0.209370 0.086843
v -0.024939 -0.266751 0.031321
v -0.044397 -0.209369 0.110961
v -0.080150 -0.209370 0.086843
v -0.139873 -0.150322 0.146527
v -0.044397 -0.209369 0.110961
v -0.076517 -0.150322 0.188927
v -0.024939 -0.266751 0.031321
v -0.014983 -0.276692 0.013764
v -0.011820 -0.276669 0.018379
v -0.044397 -0.209369 0.110961
v -0.024939 -0.266751 0.031321
v -0.014528 -0.267570 0.038380
v -0.011820 -0.276669 0.018379
v -0.014528 -0.267570 0.038380
v -0.024939 -0.266751 0.031321
v 0.006739 -0.296282 -0.017323
v 0.018049 -0.298878 -0.006508
v 0.013520 -0.301300 -0.003657
v 0.013520 -0.301300 -0.003657
v 0.003121 -0.298928 -0.013386
v 0.006739 -0.296282 -0.017323
v 0.003121 -0.298928 -0.013386
v 0.013520 -0.301300 -0.003657
v 0.004474 -0.300517 0.001999
v 0.004474 -0.300517 0.001999
v -0.002320 -0.298893 -0.004517
v 0.003121 -0.298928 -0.013386
v 0.004474 -0.300517 0.001999
v -0.005026 -0.295308 0.003221
v -0.002320 -0.298893 -0.004517
v -0.005026 -0.295308 0.003221
v 0.004474 -0.300517 0.001999
v -0.001864 -0.296073 0.006117
v 0.005827 -0.290217 0.013402
v 0.003121 -0.285720 0.009284
v 0.008092 -0.288897 0.009737
v 0.003121 -0.285720 0.009284
v 0.005827 -0.290217 0.013402
v 0.001754 -0.286891 0.011139
v -0.031278 -0.292172 0.008017
v -0.022675 -0.296014 0.020778
v -0.026748 -0.292906 0.023628
v -0.022675 -0.296014 0.020778
v -0.031278 -0.292172 0.008017
v -0.026748 -0.295236 0.006750
v -0.026748 -0.295236 0.006750
v -0.013629 -0.296499 0.015167
v -0.022675 -0.296014 0.020778
v -0.013629 -0.296499 0.015167
v -0.026748 -0.295236 0.006750
v -0.016792 -0.295865 0.005528
v -0.008203 -0.292571 0.006388
v -0.013629 -0.296499 0.015167
v -0.016792 -0.295865 0.005528
v -0.013629 -0.296499 0.015167
v -0.008203 -0.292571 0.006388
v -0.006835 -0.293024 0.011094
v 0.009004 -0.291828 0.034307
v 0.014430 -0.298575 0.023040
v 0.018960 -0.296232 0.023493
v 0.014430 -0.298575 0.023040
v 0.009004 -0.291828 0.034307
v 0.005386 -0.294467 0.032316
v 0.005386 -0.294467 0.032316
v 0.004930 -0.298376 0.019918
v 0.014430 -0.298575 0.023040
v 0.004930 -0.298376 0.019918
v 0.005386 -0.294467 0.032316
v -0.000952 -0.295399 0.026027
v 0.004930 -0.298376 0.019918
v -0.000952 -0.295399 0.026027
v -0.005026 -0.292873 0.016569
v 0.004930 -0.298376 0.019918
v -0.005026 -0.292873 0.016569
v -0.001864 -0.294597 0.014126
v -0.008203 -0.291819 -0.020762
v 0.006739 -0.296282 -0.017323
v 0.003121 -0.298928 -0.013386
v 0.003121 -0.298928 -0.013386
v -0.010012 -0.294775 -0.016418
v -0.008203 -0.291819 -0.020762
v -0.002320 -0.298893 -0.004517
v -0.010012 -0.294775 -0.016418
v 0.003121 -0.298928 -0.013386
v -0.010012 -0.294775 -0.016418
v -0.002320 -0.298893 -0.004517
v -0.010910 -0.295965 -0.006463
v -0.002320 -0.298893 -0.004517
v -0.009100 -0.293774 0.002542
v -0.010910 -0.295965 -0.006463
v -0.009100 -0.293774 0.002542
v -0.002320 -0.298893 -0.004517
v -0.005026 -0.295308 0.003221
v -0.003217 -0.290041 -0.000988
v -0.002761 -0.286508 0.003718
v -0.006380 -0.291458 0.001908
v -0.027660 -0.289950 -0.007458
v -0.026748 -0.295236 0.006750
v -0.031278 -0.292172 0.008017
v -0.026748 -0.295236 0.006750
v -0.027660 -0.289950 -0.007458
v -0.023131 -0.293042 -0.006961
v -0.023131 -0.293042 -0.006961
v -0.016792 -0.295865 0.005528
v -0.026748 -0.295236 0.006750
v -0.016792 -0.295865 0.005528
v -0.023131 -0.293042 -0.006961
v -0.014072 -0.294172 -0.003793
v -0.016792 -0.295865 0.005528
v -0.014072 -0.294172 -0.003793
v -0.006380 -0.291458 0.001908
v -0.008203 -0.292571 0.006388
v -0.016792 -0.295865 0.005528
v -0.006380 -0.291458 0.001908
v -0.029910 -0.286191 -0.002255
v -0.022219 -0.290113 -0.012164
v -0.019057 -0.292647 -0.003522
v -0.029910 -0.286191 -0.002255
v -0.019057 -0.292647 -0.003522
v -0.024484 -0.289837 0.003175
v -0.019057 -0.286091 0.032226
v -0.008645 -0.292186 0.028108
v -0.006835 -0.289924 0.035620
v -0.008645 -0.292186 0.028108
v -0.019057 -0.286091 0.032226
v -0.016792 -0.289543 0.025846
v -0.016792 -0.289543 0.025846
v -0.008645 -0.291226 0.016977
v -0.008645 -0.292186 0.028108
v -0.008645 -0.291226 0.016977
v -0.016792 -0.289543 0.025846
v -0.011364 -0.290119 0.015800
v -0.011364 -0.290119 0.015800
v -0.007291 -0.287404 0.011275
v -0.008645 -0.291226 0.016977
v -0.008645 -0.291226 0.016977
v -0.007291 -0.287404 0.011275
v -0.006380 -0.288213 0.011909
v 0.022578 -0.284209 -0.007096
v 0.027093 -0.284869 0.005981
v 0.019858 -0.288154 0.004940
v 0.022578 -0.284209 -0.007096
v 0.019858 -0.288154 0.004940
v 0.017137 -0.287625 -0.003884
v 0.019858 -0.288154 0.004940
v 0.008548 -0.288023 0.005574
v 0.017137 -0.287625 -0.003884
v 0.007195 -0.287729 0.002180
v 0.017137 -0.287625 -0.003884
v 0.008548 -0.288023 0.005574
v 0.008548 -0.288023 0.005574
v 0.002209 -0.284461 0.005528
v 0.007195 -0.287729 0.002180
v 0.002209 -0.284461 0.005528
v 0.008548 -0.288023 0.005574
v 0.003121 -0.284847 0.007248
v -0.025837 -0.288199 0.011682
v -0.028101 -0.283914 0.023131
v -0.032175 -0.283951 0.010596
v -0.028101 -0.283914 0.023131
v -0.025837 -0.288199 0.011682
v -0.023131 -0.288096 0.019918
v -0.014528 -0.289715 0.011004
v -0.023131 -0.288096 0.019918
v -0.025837 -0.288199 0.011682
v -0.023131 -0.288096 0.019918
v -0.014528 -0.289715 0.011004
v -0.013174 -0.289633 0.013764
v 0.022578 -0.284209 -0.007096
v 0.010357 -0.288213 -0.010219
v 0.012621 -0.285054 -0.016599
v 0.010357 -0.288213 -0.010219
v 0.022578 -0.284209 -0.007096
v 0.017137 -0.287625 -0.003884
v -0.016792 -0.289543 0.025846
v -0.028101 -0.283914 0.023131
v -0.023131 -0.288096 0.019918
v -0.028101 -0.283914 0.023131
v -0.016792 -0.289543 0.025846
v -0.019057 -0.286091 0.032226
v -0.023131 -0.288096 0.019918
v -0.011364 -0.290119 0.015800
v -0.016792 -0.289543 0.025846
v -0.011364 -0.290119 0.015800
v -0.023131 -0.288096 0.019918
v -0.013174 -0.289633 0.013764
v -0.008203 -0.287136 0.010415
v -0.011364 -0.290119 0.015800
v -0.013174 -0.289633 0.013764
v -0.011364 -0.290119 0.015800
v -0.008203 -0.287136 0.010415
v -0.007291 -0.287404 0.011275
v -0.330371 0.092597 -0.127778
v -0.233085 0.000667 -0.223120
v -0.304134 0.000667 -0.116963
v -0.257528 0.304626 0.263906
v -0.335813 0.304626 0.146618
v -0.342592 0.199795 0.149469
v -0.335813 0.304626 0.146618
v -0.370653 0.199794 0.008289
v -0.342592 0.199795 0.149469
v -0.335813 0.304626 0.146618
v -0.257528 0.304626 0.263906
v -0.227658 0.400348 0.234041
v -0.335813 0.304626 0.146618
v -0.363403 0.304626 0.008289
v -0.370653 0.199794 0.008289
v -0.227658 0.400348 0.234041
v -0.296884 0.400348 0.130464
v -0.335813 0.304626 0.146618
v -0.296884 0.400348 0.130464
v -0.363403 0.304626 0.008289
v -0.335813 0.304626 0.146618
v -0.296884 0.400348 0.130464
v -0.320871 0.400348 0.008289
v -0.363403 0.304626 0.008289
v -0.320871 0.400348 0.008289
v -0.296884 0.400348 0.130464
v -0.249381 0.458760 0.110916
v -0.249381 0.458760 0.110916
v -0.270191 0.458760 0.008289
v -0.320871 0.400348 0.008289
v -0.249381 0.458760 -0.094338
v -0.320871 0.400348 0.008289
v -0.270191 0.458760 0.008289
v -0.320871 0.400348 0.008289
v -0.249381 0.458760 -0.094338
v -0.296884 0.400348 -0.113886
v -0.296884 0.400348 -0.113886
v -0.363403 0.304626 0.008289
v -0.320871 0.400348 0.008289
v -0.363403 0.304626 0.008289
v -0.296884 0.400348 -0.113886
v -0.335813 0.304626 -0.130041
v -0.227658 0.400347 -0.217464
v -0.335813 0.304626 -0.130041
v -0.296884 0.400348 -0.113886
v -0.335813 0.304626 -0.130041
v -0.370653 0.199794 0.008289
v -0.363403 0.304626 0.008289
v -0.370653 0.199794 0.008289
v -0.335813 0.304626 -0.130041
v -0.342592 0.199794 -0.132891
v -0.370653 0.199794 0.008289
v -0.342592 0.199794 -0.132891
v -0.330371 0.092597 -0.127778
v -0.335813 0.304626 -0.130041
v -0.227658 0.400347 -0.217464
v -0.257528 0.304625 -0.247329
v -0.257528 0.304625 -0.247329
v -0.342592 0.199794 -0.132891
v -0.335813 0.304626 -0.130041
v -0.342592 0.199794 -0.132891
v -0.257528 0.304625 -0.247329
v -0.262499 0.199794 -0.252578
v -0.342592 0.199794 -0.132891
v -0.252998 0.092597 -0.243166
v -0.330371 0.092597 -0.127778
v -0.342592 0.199794 -0.132891
v -0.262499 0.199794 -0.252578
v -0.252998 0.092597 -0.243166
v -0.330371 0.092597 -0.127778
v -0.252998 0.092597 -0.243166
v -0.233085 0.000667 -0.223120
v -0.191464 -0.084747 -0.181490
v -0.304134 0.000667 -0.116963
v -0.233085 0.000667 -0.223120
v -0.304134 0.000667 -0.116963
v -0.191464 -0.084747 -0.181490
v -0.249837 -0.084747 -0.094429
v -0.233085 0.000668 0.239697
v -0.304134 0.000668 0.133541
v -0.191464 -0.084746 0.198067
v -0.191464 -0.084746 0.198067
v -0.304134 0.000668 0.133541
v -0.249837 -0.084746 0.111006
v -0.329018 0.000667 0.008289
v -0.249837 -0.084746 0.111006
v -0.304134 0.000668 0.133541
v -0.249837 -0.084746 0.111006
v -0.329018 0.000667 0.008289
v -0.270191 -0.084747 0.008289
v -0.329018 0.000667 0.008289
v -0.249837 -0.084747 -0.094429
v -0.270191 -0.084747 0.008289
v -0.249837 -0.084747 -0.094429
v -0.329018 0.000667 0.008289
v -0.304134 0.000667 -0.116963
v -0.330371 0.092598 0.144355
v -0.233085 0.000668 0.239697
v -0.252998 0.092598 0.259743
v -0.233085 0.000668 0.239697
v -0.330371 0.092598 0.144355
v -0.304134 0.000668 0.133541
v -0.342592 0.199795 0.149469
v -0.252998 0.092598 0.259743
v -0.262499 0.199795 0.269155
v -0.252998 0.092598 0.259743
v -0.342592 0.199795 0.149469
v -0.330371 0.092598 0.144355
v -0.257528 0.304626 0.263906
v -0.342592 0.199795 0.149469
v -0.262499 0.199795 0.269155
v -0.357520 0.092597 0.008289
v -0.304134 0.000668 0.133541
v -0.330371 0.092598 0.144355
v -0.304134 0.000668 0.133541
v -0.357520 0.092597 0.008289
v -0.329018 0.000667 0.008289
v -0.357520 0.092597 0.008289
v -0.304134 0.000667 -0.116963
v -0.329018 0.000667 0.008289
v -0.330371 0.092598 0.144355
v -0.370653 0.199794 0.008289
v -0.357520 0.092597 0.008289
v -0.370653 0.199794 0.008289
v -0.330371 0.092598 0.144355
v -0.342592 0.199795 0.149469
v -0.357520 0.092597 0.008289
v -0.330371 0.092597 -0.127778
v -0.304134 0.000667 -0.116963
v -0.370653 0.199794 0.008289
v -0.330371 0.092597 -0.127778
v -0.357520 0.092597 0.008289
v -0.029910 -0.286191 -0.002255
v -0.034440 -0.280040 0.009691
v -0.031278 -0.282489 -0.005015
v -0.034440 -0.280040 0.009691
v -0.029910 -0.286191 -0.002255
v -0.032175 -0.283951 0.010596
v 0.000856 -0.281969 0.009872
v 0.003121 -0.284847 0.007248
v 0.003121 -0.285720 0.009284
v 0.003121 -0.284847 0.007248
v 0.000856 -0.281969 0.009872
v 0.001312 -0.281087 0.008243
v -0.033087 -0.321463 0.014940
v -0.015895 -0.297403 0.004578
v -0.030822 -0.323956 0.003175
v -0.012719 -0.298445 -0.000309
v -0.030822 -0.323956 0.003175
v -0.015895 -0.297403 0.004578
v -0.030822 -0.323956 0.003175
v -0.053000 -0.342930 0.017882
v -0.033087 -0.321463 0.014940
v -0.030822 -0.323956 0.003175
v -0.012719 -0.298445 -0.000309
v -0.024028 -0.326064 -0.006780
v -0.053000 -0.342930 0.017882
v -0.030822 -0.323956 0.003175
v -0.048926 -0.346974 -0.001169
v -0.024028 -0.326064 -0.006780
v -0.048926 -0.346974 -0.001169
v -0.030822 -0.323956 0.003175
v -0.048926 -0.346974 -0.001169
v -0.024028 -0.326064 -0.006780
v -0.038059 -0.350401 -0.017368
v -0.053000 -0.342930 0.017882
v -0.030822 -0.318970 0.026660
v -0.033087 -0.321463 0.014940
v -0.015895 -0.294951 0.016162
v -0.033087 -0.321463 0.014940
v -0.030822 -0.318970 0.026660
v -0.030822 -0.318970 0.026660
v -0.053000 -0.342930 0.017882
v -0.048926 -0.338884 0.036977
v -0.030822 -0.318970 0.026660
v -0.012719 -0.293906 0.021094
v -0.015895 -0.294951 0.016162
v -0.011820 -0.276669 0.018379
v -0.015895 -0.294951 0.016162
v -0.012719 -0.293906 0.021094
v -0.012719 -0.293906 0.021094
v -0.030822 -0.318970 0.026660
v -0.024028 -0.316857 0.036615
v -0.029469 -0.286295 -0.006961
v -0.019057 -0.279425 -0.017142
v -0.018601 -0.283163 -0.018771
v -0.019057 -0.279425 -0.017142
v -0.029469 -0.286295 -0.006961
v -0.029469 -0.282470 -0.005558
v -0.019057 -0.276013 -0.013115
v -0.029469 -0.282470 -0.005558
v -0.027660 -0.278878 -0.002798
v -0.029469 -0.282470 -0.005558
v -0.019057 -0.276013 -0.013115
v -0.019057 -0.279425 -0.017142
v -0.016336 -0.280701 0.033176
v -0.028101 -0.285304 0.024760
v -0.016792 -0.284353 0.035574
v -0.028101 -0.285304 0.024760
v -0.016336 -0.280701 0.033176
v -0.026292 -0.281553 0.023674
v -0.000952 -0.295806 0.010234
v -0.003673 -0.292005 0.007248
v -0.001864 -0.296073 0.006117
v -0.003673 -0.292005 0.007248
v -0.000952 -0.295806 0.010234
v -0.003217 -0.291680 0.009148
v -0.011820 -0.276779 -0.001847
v -0.015895 -0.297403 0.004578
v -0.014983 -0.276751 0.002813
v -0.015895 -0.297403 0.004578
v -0.011820 -0.276779 -0.001847
v -0.012719 -0.298445 -0.000309
v -0.014983 -0.276751 0.002813
v -0.017248 -0.296177 0.010370
v -0.015895 -0.276724 0.008289
v -0.017248 -0.296177 0.010370
v -0.014983 -0.276751 0.002813
v -0.015895 -0.297403 0.004578
v -0.015895 -0.276724 0.008289
v -0.017248 -0.296177 0.010370
v -0.014983 -0.276692 0.013764
v -0.014983 -0.276692 0.013764
v -0.017248 -0.296177 0.010370
v -0.015895 -0.294951 0.016162
v -0.014983 -0.276692 0.013764
v -0.015895 -0.294951 0.016162
v -0.011820 -0.276669 0.018379
v -0.033087 -0.321463 0.014940
v -0.015895 -0.294951 0.016162
v -0.017248 -0.296177 0.010370
v -0.015895 -0.297403 0.004578
v -0.033087 -0.321463 0.014940
v -0.017248 -0.296177 0.010370
v -0.000055 -0.283091 0.011094
v 0.003121 -0.285720 0.009284
v 0.001754 -0.286891 0.011139
v -0.033087 -0.288516 0.008922
v -0.026748 -0.292906 0.023628
v -0.028101 -0.289227 0.024714
v -0.026748 -0.292906 0.023628
v -0.033087 -0.288516 0.008922
v -0.031278 -0.292172 0.008017
v -0.028101 -0.289227 0.024714
v -0.032631 -0.284616 0.009737
v -0.033087 -0.288516 0.008922
v -0.032631 -0.284616 0.009737
v -0.028101 -0.289227 0.024714
v -0.028101 -0.285304 0.024760
v -0.026292 -0.281553 0.023674
v -0.032631 -0.284616 0.009737
v -0.028101 -0.285304 0.024760
v -0.026292 -0.281553 0.023674
v -0.030366 -0.280888 0.010596
v -0.032631 -0.284616 0.009737
v -0.005026 -0.292873 0.016569
v -0.005026 -0.289425 0.011863
v -0.001864 -0.294597 0.014126
v -0.001864 -0.294597 0.014126
v -0.005026 -0.289425 0.011863
v -0.003673 -0.290719 0.010868
v -0.005026 -0.289425 0.011863
v -0.003217 -0.287018 0.009329
v -0.003673 -0.290719 0.010868
v -0.003217 -0.287018 0.009329
v -0.005026 -0.289425 0.011863
v -0.003673 -0.285909 0.010144
v 0.000856 -0.280688 0.006660
v 0.003121 -0.284847 0.007248
v 0.001312 -0.281087 0.008243
v 0.003121 -0.284847 0.007248
v 0.000856 -0.280688 0.006660
v 0.002209 -0.284461 0.005528
v -0.029469 -0.286295 -0.006961
v -0.031278 -0.292172 0.008017
v -0.033087 -0.288516 0.008922
v -0.031278 -0.292172 0.008017
v -0.029469 -0.286295 -0.006961
v -0.027660 -0.289950 -0.007458
v -0.033087 -0.288516 0.008922
v -0.029469 -0.282470 -0.005558
v -0.029469 -0.286295 -0.006961
v -0.029469 -0.282470 -0.005558
v -0.033087 -0.288516 0.008922
v -0.032631 -0.284616 0.009737
v -0.027660 -0.278878 -0.002798
v -0.032631 -0.284616 0.009737
v -0.030366 -0.280888 0.010596
v -0.032631 -0.284616 0.009737
v -0.027660 -0.278878 -0.002798
v -0.029469 -0.282470 -0.005558
v -0.003217 -0.291680 0.009148
v -0.000952 -0.295806 0.010234
v -0.003673 -0.290719 0.010868
v -0.000952 -0.295806 0.010234
v -0.001864 -0.294597 0.014126
v -0.003673 -0.290719 0.010868
v -0.003673 -0.290719 0.010868
v -0.002761 -0.287838 0.008289
v -0.003217 -0.291680 0.009148
v -0.002761 -0.287838 0.008289
v -0.003673 -0.290719 0.010868
v -0.003217 -0.287018 0.009329
v -0.005026 -0.291598 0.005890
v -0.001864 -0.296073 0.006117
v -0.003673 -0.292005 0.007248
v -0.001864 -0.296073 0.006117
v -0.005026 -0.291598 0.005890
v -0.005026 -0.295308 0.003221
v -0.029910 -0.280059 0.024126
v -0.019057 -0.286091 0.032226
v -0.019057 -0.282539 0.034579
v -0.019057 -0.286091 0.032226
v -0.029910 -0.280059 0.024126
v -0.028101 -0.283914 0.023131
v 0.001754 -0.277078 0.009103
v 0.000856 -0.276657 0.006660
v 0.000856 -0.280688 0.006660
v 0.001754 -0.277078 0.009103
v 0.000856 -0.280688 0.006660
v 0.001312 -0.281087 0.008243
v -0.003217 -0.288158 0.007248
v -0.003217 -0.291680 0.009148
v -0.002761 -0.287838 0.008289
v -0.003217 -0.291680 0.009148
v -0.003217 -0.288158 0.007248
v -0.003673 -0.292005 0.007248
v -0.031278 -0.282489 -0.005015
v -0.033985 -0.276316 0.008922
v -0.030822 -0.278892 -0.006418
v -0.033985 -0.276316 0.008922
v -0.031278 -0.282489 -0.005015
v -0.034440 -0.280040 0.009691
v -0.032175 -0.273082 0.008017
v -0.030822 -0.278892 -0.006418
v -0.033985 -0.276316 0.008922
v -0.030822 -0.278892 -0.006418
v -0.032175 -0.273082 0.008017
v -0.028557 -0.275693 -0.006915
v -0.021776 -0.286778 -0.016146
v -0.030822 -0.278892 -0.006418
v -0.020866 -0.283345 -0.017775
v -0.030822 -0.278892 -0.006418
v -0.021776 -0.286778 -0.016146
v -0.031278 -0.282489 -0.005015
v -0.031278 -0.282489 -0.005015
v -0.022219 -0.290113 -0.012164
v -0.029910 -0.286191 -0.002255
v -0.022219 -0.290113 -0.012164
v -0.031278 -0.282489 -0.005015
v -0.021776 -0.286778 -0.016146
v 0.004474 -0.273186 0.010189
v 0.003121 -0.272734 0.005483
v 0.000856 -0.276657 0.006660
v 0.004474 -0.273186 0.010189
v 0.000856 -0.276657 0.006660
v 0.001754 -0.277078 0.009103
v -0.000952 -0.276891 0.004895
v 0.000856 -0.276657 0.006660
v 0.003121 -0.272734 0.005483
v -0.000497 -0.273090 0.002180
v -0.000952 -0.276891 0.004895
v 0.003121 -0.272734 0.005483
v -0.029469 -0.276330 0.024126
v -0.033985 -0.276316 0.008922
v -0.034440 -0.280040 0.009691
v -0.027660 -0.273046 0.023085
v -0.033985 -0.276316 0.008922
v -0.029469 -0.276330 0.024126
v -0.029469 -0.276330 0.024126
v -0.034440 -0.280040 0.009691
v -0.029910 -0.280059 0.024126
v -0.027660 -0.273046 0.023085
v -0.032175 -0.273082 0.008017
v -0.033985 -0.276316 0.008922
v -0.034440 -0.280040 0.009691
v -0.028101 -0.283914 0.023131
v -0.029910 -0.280059 0.024126
v -0.028101 -0.283914 0.023131
v -0.034440 -0.280040 0.009691
v -0.032175 -0.283951 0.010596
v 0.000856 -0.278036 0.011411
v 0.001312 -0.281087 0.008243
v 0.000856 -0.281969 0.009872
v 0.001312 -0.281087 0.008243
v 0.000856 -0.278036 0.011411
v 0.001754 -0.277078 0.009103
v -0.000952 -0.279254 0.012859
v 0.000856 -0.281969 0.009872
v -0.000055 -0.283091 0.011094
v 0.000856 -0.281969 0.009872
v -0.000952 -0.279254 0.012859
v 0.000856 -0.278036 0.011411
v 0.000856 -0.278036 0.011411
v 0.004474 -0.273186 0.010189
v 0.001754 -0.277078 0.009103
v 0.004474 -0.273186 0.010189
v 0.000856 -0.278036 0.011411
v 0.003121 -0.274303 0.014669
v -0.000952 -0.279254 0.012859
v 0.003121 -0.274303 0.014669
v 0.000856 -0.278036 0.011411
v -0.000952 -0.284516 0.007248
v -0.003217 -0.287018 0.009329
v -0.000497 -0.283743 0.008741
v -0.003217 -0.287018 0.009329
v -0.000952 -0.284516 0.007248
v -0.002761 -0.287838 0.008289
v -0.001408 -0.284787 0.006162
v -0.003217 -0.288158 0.007248
v -0.000952 -0.284516 0.007248
v -0.003217 -0.288158 0.007248
v -0.002761 -0.287838 0.008289
v -0.000952 -0.284516 0.007248
v -0.000497 -0.283743 0.008741
v -0.003673 -0.285909 0.010144
v -0.001408 -0.282584 0.010189
v -0.139873 0.304626 0.342279
v -0.227658 0.400348 0.234041
v -0.257528 0.304626 0.263906
v -0.227658 0.400348 0.234041
v -0.139873 0.304626 0.342279
v -0.124035 0.400348 0.303228
v -0.001864 0.304626 0.369791
v -0.124035 0.400348 0.303228
v -0.139873 0.304626 0.342279
v -0.124035 0.400348 0.303228
v -0.001864 0.304626 0.369791
v -0.001864 0.400348 0.327527
v -0.001864 0.400348 0.327527
v -0.104577 0.458760 0.256078
v -0.124035 0.400348 0.303228
v -0.001864 0.304626 0.369791
v 0.120320 0.400348 0.303228
v -0.001864 0.400348 0.327527
v 0.120320 0.400348 0.303228
v -0.001864 0.304626 0.369791
v 0.136601 0.304626 0.342279
v 0.136601 0.304626 0.342279
v 0.223930 0.400348 0.234041
v 0.120320 0.400348 0.303228
v 0.100862 0.458760 0.256078
v -0.001864 0.400348 0.327527
v 0.120320 0.400348 0.303228
v -0.001864 0.400348 0.327527
v 0.100862 0.458760 0.256078
v -0.001864 0.458760 0.276531
v -0.104577 0.458760 0.256078
v -0.001864 0.400348 0.327527
v -0.001864 0.458760 0.276531
v 0.229812 0.000668 0.239697
v 0.123482 0.000668 0.310649
v 0.188191 -0.084746 0.198067
v 0.188191 -0.084746 0.198067
v 0.123482 0.000668 0.310649
v 0.100862 -0.084746 0.256259
v 0.123482 0.000668 0.310649
v -0.001864 0.000668 0.335537
v 0.100862 -0.084746 0.256259
v 0.100862 -0.084746 0.256259
v -0.001864 0.000668 0.335537
v -0.001864 -0.084746 0.276666
v -0.001864 0.000668 0.335537
v -0.104577 -0.084746 0.256259
v -0.001864 -0.084746 0.276666
v -0.104577 -0.084746 0.256259
v -0.001864 0.000668 0.335537
v -0.127197 0.000668 0.310649
v -0.127197 0.000668 0.310649
v -0.191464 -0.084746 0.198067
v -0.104577 -0.084746 0.256259
v -0.191464 -0.084746 0.198067
v -0.127197 0.000668 0.310649
v -0.233085 0.000668 0.239697
v 0.253799 0.304626 0.263906
v 0.139321 0.199795 0.349112
v 0.259226 0.199795 0.269155
v 0.139321 0.199795 0.349112
v 0.249726 0.092602 0.259743
v 0.259226 0.199795 0.269155
v 0.223930 0.400348 0.234041
v 0.136601 0.304626 0.342279
v 0.253799 0.304626 0.263906
v 0.139321 0.199795 0.349112
v 0.253799 0.304626 0.263906
v 0.136601 0.304626 0.342279
v 0.249726 0.092602 0.259743
v 0.139321 0.199795 0.349112
v 0.134336 0.092602 0.336849
v 0.134336 0.092602 0.336849
v 0.229812 0.000668 0.239697
v 0.249726 0.092602 0.259743
v 0.229812 0.000668 0.239697
v 0.134336 0.092602 0.336849
v 0.123482 0.000668 0.310649
v -0.001864 0.199795 0.377212
v 0.134336 0.092602 0.336849
v 0.139321 0.199795 0.349112
v 0.136601 0.304626 0.342279
v -0.001864 0.199795 0.377212
v 0.139321 0.199795 0.349112
v -0.001864 0.092598 0.363908
v 0.123482 0.000668 0.310649
v 0.134336 0.092602 0.336849
v 0.134336 0.092602 0.336849
v -0.001864 0.199795 0.377212
v -0.001864 0.092598 0.363908
v 0.123482 0.000668 0.310649
v -0.001864 0.092598 0.363908
v -0.001864 0.000668 0.335537
v -0.001864 0.092598 0.363908
v -0.127197 0.000668 0.310649
v -0.001864 0.000668 0.335537
v -0.127197 0.000668 0.310649
v -0.001864 0.092598 0.363908
v -0.138065 0.092598 0.336849
v -0.001864 0.199795 0.377212
v -0.138065 0.092598 0.336849
v -0.001864 0.092598 0.363908
v -0.138065 0.092598 0.336849
v -0.233085 0.000668 0.239697
v -0.127197 0.000668 0.310649
v -0.001864 0.199795 0.377212
v 0.136601 0.304626 0.342279
v -0.001864 0.304626 0.369791
v -0.233085 0.000668 0.239697
v -0.138065 0.092598 0.336849
v -0.252998 0.092598 0.259743
v -0.138065 0.092598 0.336849
v -0.001864 0.199795 0.377212
v -0.143035 0.199795 0.349112
v -0.143035 0.199795 0.349112
v -0.252998 0.092598 0.259743
v -0.138065 0.092598 0.336849
v -0.001864 0.199795 0.377212
v -0.139873 0.304626 0.342279
v -0.143035 0.199795 0.349112
v -0.139873 0.304626 0.342279
v -0.001864 0.199795 0.377212
v -0.001864 0.304626 0.369791
v -0.252998 0.092598 0.259743
v -0.143035 0.199795 0.349112
v -0.262499 0.199795 0.269155
v -0.257528 0.304626 0.263906
v -0.143035 0.199795 0.349112
v -0.139873 0.304626 0.342279
v -0.143035 0.199795 0.349112
v -0.257528 0.304626 0.263906
v -0.262499 0.199795 0.269155
v -0.001864 -0.354730 -0.025739
v 0.015328 -0.354029 -0.022391
v -0.001864 -0.312412 0.013673
v -0.019057 -0.354029 -0.022391
v -0.001864 -0.354730 -0.025739
v -0.001864 -0.312412 0.013673
v -0.006380 -0.284906 0.007248
v -0.009100 -0.288181 0.007836
v -0.005938 -0.286014 0.006433
v -0.000497 -0.285385 0.003537
v -0.003673 -0.282666 0.005483
v -0.002761 -0.286508 0.003718
v -0.003673 -0.282666 0.005483
v -0.000497 -0.285385 0.003537
v -0.001864 -0.281597 0.005076
v 0.001312 -0.284647 0.004261
v -0.001864 -0.281597 0.005076
v -0.000497 -0.285385 0.003537
v -0.001864 -0.281597 0.005076
v 0.001312 -0.284647 0.004261
v -0.000497 -0.280873 0.005483
v -0.007747 -0.293213 0.024352
v -0.011820 -0.276669 0.018379
v -0.012719 -0.293906 0.021094
v -0.001864 -0.314951 0.045620
v -0.007747 -0.293213 0.024352
v -0.013629 -0.315445 0.043267
v -0.011820 -0.276669 0.018379
v -0.007747 -0.293213 0.024352
v -0.007291 -0.276651 0.021502
v -0.007747 -0.293213 0.024352
v -0.001864 -0.314951 0.045620
v -0.001864 -0.292969 0.025529
v -0.001864 -0.292969 0.025529
v -0.007291 -0.276651 0.021502
v -0.007747 -0.293213 0.024352
v -0.001864 -0.292969 0.025529
v -0.001864 -0.314951 0.045620
v 0.004018 -0.293213 0.024352
v 0.010357 -0.315445 0.043267
v 0.004018 -0.293213 0.024352
v -0.001864 -0.314951 0.045620
v -0.007291 -0.276651 0.021502
v -0.001864 -0.292969 0.025529
v -0.001864 -0.276648 0.022588
v 0.009004 -0.293906 0.021094
v 0.008548 -0.276669 0.018379
v 0.004018 -0.293213 0.024352
v 0.004018 -0.293213 0.024352
v 0.003562 -0.276651 0.021502
v -0.001864 -0.292969 0.025529
v -0.001864 -0.276648 0.022588
v -0.001864 -0.292969 0.025529
v 0.003562 -0.276651 0.021502
v 0.003562 -0.276651 0.021502
v 0.004018 -0.293213 0.024352
v 0.008548 -0.276669 0.018379
v -0.026748 -0.292906 0.023628
v -0.014983 -0.291910 0.034896
v -0.016336 -0.288232 0.036117
v -0.016336 -0.288232 0.036117
v -0.028101 -0.289227 0.024714
v -0.026748 -0.292906 0.023628
v -0.016336 -0.288232 0.036117
v -0.028101 -0.285304 0.024760
v -0.028101 -0.289227 0.024714
v -0.028101 -0.285304 0.024760
v -0.016336 -0.288232 0.036117
v -0.016792 -0.284353 0.035574
v 0.009004 -0.291828 0.034307
v -0.003217 -0.283426 0.038787
v -0.005026 -0.286833 0.038289
v -0.005026 -0.286833 0.038289
v 0.005386 -0.294467 0.032316
v 0.009004 -0.291828 0.034307
v 0.005386 -0.294467 0.032316
v -0.005026 -0.286833 0.038289
v -0.006835 -0.289924 0.035620
v -0.003217 -0.283426 0.038787
v 0.009004 -0.291828 0.034307
v 0.011268 -0.288579 0.034353
v 0.011268 -0.288579 0.034353
v -0.001408 -0.280104 0.037384
v -0.003217 -0.283426 0.038787
v -0.001408 -0.280104 0.037384
v 0.011268 -0.288579 0.034353
v 0.012166 -0.285145 0.032724
v -0.009100 -0.293774 0.002542
v -0.008203 -0.289339 0.006388
v -0.012263 -0.291982 0.004216
v -0.008203 -0.289339 0.006388
v -0.009100 -0.293774 0.002542
v -0.006835 -0.290603 0.005619
v -0.006835 -0.290603 0.005619
v -0.005026 -0.287114 0.006162
v -0.008203 -0.289339 0.006388
v -0.005938 -0.286014 0.006433
v -0.008203 -0.289339 0.006388
v -0.005026 -0.287114 0.006162
v 0.018960 -0.296232 0.023493
v 0.011268 -0.288579 0.034353
v 0.009004 -0.291828 0.034307
v 0.011268 -0.288579 0.034353
v 0.018960 -0.296232 0.023493
v 0.021211 -0.293028 0.022995
v -0.005026 -0.291598 0.005890
v -0.009100 -0.293774 0.002542
v -0.005026 -0.295308 0.003221
v -0.009100 -0.293774 0.002542
v -0.005026 -0.291598 0.005890
v -0.006835 -0.290603 0.005619
v -0.005026 -0.287114 0.006162
v -0.002320 -0.284521 0.005302
v -0.003217 -0.283710 0.004669
v -0.004129 -0.287896 0.006479
v -0.002320 -0.284521 0.005302
v -0.005026 -0.287114 0.006162
v 0.000856 -0.280688 0.006660
v 0.001312 -0.284647 0.004261
v 0.002209 -0.284461 0.005528
v -0.000497 -0.280873 0.005483
v 0.001312 -0.284647 0.004261
v 0.000856 -0.280688 0.006660
v -0.003217 -0.288158 0.007248
v -0.005026 -0.291598 0.005890
v -0.003673 -0.292005 0.007248
v -0.005026 -0.291598 0.005890
v -0.003217 -0.288158 0.007248
v -0.004129 -0.287896 0.006479
v -0.029910 -0.280059 0.024126
v -0.019057 -0.282539 0.034579
v -0.018145 -0.278936 0.035077
v -0.018145 -0.278936 0.035077
v -0.029469 -0.276330 0.024126
v -0.029910 -0.280059 0.024126
v -0.018145 -0.278936 0.035077
v -0.027660 -0.273046 0.023085
v -0.029469 -0.276330 0.024126
v -0.005026 -0.291598 0.005890
v -0.004129 -0.287896 0.006479
v -0.006835 -0.290603 0.005619
v -0.006835 -0.290603 0.005619
v -0.004129 -0.287896 0.006479
v -0.005026 -0.287114 0.006162
v -0.003217 -0.277711 0.004488
v -0.000497 -0.280873 0.005483
v -0.000952 -0.276891 0.004895
v -0.000497 -0.280873 0.005483
v -0.003217 -0.277711 0.004488
v -0.001864 -0.281597 0.005076
v -0.005026 -0.286833 0.038289
v -0.018145 -0.278936 0.035077
v -0.019057 -0.282539 0.034579
v -0.018145 -0.278936 0.035077
v -0.005026 -0.286833 0.038289
v -0.003217 -0.283426 0.038787
v -0.005026 -0.286833 0.038289
v -0.019057 -0.282539 0.034579
v -0.019057 -0.286091 0.032226
v -0.019057 -0.286091 0.032226
v -0.006835 -0.289924 0.035620
v -0.005026 -0.286833 0.038289
v -0.016336 -0.275642 0.033900
v -0.003217 -0.283426 0.038787
v -0.001408 -0.280104 0.037384
v -0.003217 -0.283426 0.038787
v -0.016336 -0.275642 0.033900
v -0.018145 -0.278936 0.035077
v 0.000856 -0.280688 0.006660
v -0.000952 -0.276891 0.004895
v -0.000497 -0.280873 0.005483
v -0.000952 -0.276891 0.004895
v 0.000856 -0.280688 0.006660
v 0.000856 -0.276657 0.006660
v 0.023932 -0.275810 0.024036
v 0.014886 -0.282593 0.035348
v 0.026196 -0.279466 0.023538
v 0.023932 -0.275810 0.024036
v 0.013077 -0.278892 0.035258
v 0.014886 -0.282593 0.035348
v -0.005482 -0.278869 0.005438
v -0.001864 -0.281597 0.005076
v -0.003217 -0.277711 0.004488
v -0.001864 -0.281597 0.005076
v -0.005482 -0.278869 0.005438
v -0.003673 -0.282666 0.005483
v -0.005026 -0.274140 0.001320
v -0.005482 -0.278869 0.005438
v -0.003217 -0.277711 0.004488
v -0.005026 -0.274140 0.001320
v -0.009100 -0.275543 0.003175
v -0.005482 -0.278869 0.005438
v -0.003217 -0.288158 0.007248
v -0.002320 -0.284521 0.005302
v -0.004129 -0.287896 0.006479
v -0.002320 -0.284521 0.005302
v -0.003217 -0.288158 0.007248
v -0.001408 -0.284787 0.006162
v -0.014983 -0.291910 0.034896
v 0.000856 -0.289490 0.038470
v -0.000497 -0.285802 0.039964
v -0.000497 -0.285802 0.039964
v -0.016336 -0.288232 0.036117
v -0.014983 -0.291910 0.034896
v -0.016336 -0.288232 0.036117
v -0.000497 -0.285802 0.039964
v -0.001408 -0.282013 0.039421
v -0.001408 -0.282013 0.039421
v -0.016792 -0.284353 0.035574
v -0.016336 -0.288232 0.036117
v -0.001408 -0.282013 0.039421
v -0.016336 -0.280701 0.033176
v -0.016792 -0.284353 0.035574
v -0.016336 -0.280701 0.033176
v -0.001408 -0.282013 0.039421
v -0.003217 -0.278561 0.036706
v -0.003673 -0.282666 0.005483
v -0.006380 -0.280037 0.007293
v -0.004571 -0.283792 0.006705
v 0.000856 -0.289490 0.038470
v 0.015784 -0.286336 0.033719
v 0.014886 -0.282593 0.035348
v 0.014886 -0.282593 0.035348
v -0.000497 -0.285802 0.039964
v 0.000856 -0.289490 0.038470
v -0.000497 -0.285802 0.039964
v 0.014886 -0.282593 0.035348
v 0.013077 -0.278892 0.035258
v 0.013077 -0.278892 0.035258
v -0.001408 -0.282013 0.039421
v -0.000497 -0.285802 0.039964
v -0.001408 -0.282013 0.039421
v 0.013077 -0.278892 0.035258
v 0.009901 -0.275656 0.033221
v 0.009901 -0.275656 0.033221
v -0.003217 -0.278561 0.036706
v -0.001408 -0.282013 0.039421
v -0.027660 -0.273046 0.023085
v -0.018145 -0.278936 0.035077
v -0.016336 -0.275642 0.033900
v -0.005026 -0.287114 0.006162
v -0.003217 -0.283710 0.004669
v -0.005938 -0.286014 0.006433
v -0.005938 -0.286014 0.006433
v -0.003217 -0.283710 0.004669
v -0.004571 -0.282498 0.004714
v -0.005026 -0.274140 0.001320
v -0.000952 -0.276891 0.004895
v -0.000497 -0.273090 0.002180
v -0.000952 -0.276891 0.004895
v -0.005026 -0.274140 0.001320
v -0.003217 -0.277711 0.004488
v -0.124035 0.400348 0.303228
v -0.191464 0.458760 0.197931
v -0.227658 0.400348 0.234041
v -0.296884 0.400348 0.130464
v -0.227658 0.400348 0.234041
v -0.191464 0.458760 0.197931
v -0.191464 0.458760 0.197931
v -0.124035 0.400348 0.303228
v -0.104577 0.458760 0.256078
v -0.191464 0.458760 0.197931
v -0.249381 0.458760 0.110916
v -0.296884 0.400348 0.130464
v 0.120320 0.400348 0.303228
v 0.223930 0.400348 0.234041
v 0.187737 0.458760 0.197931
v 0.187737 0.458760 0.197931
v 0.100862 0.458760 0.256078
v 0.120320 0.400348 0.303228
v 0.187737 0.458760 0.197931
v 0.077774 0.505643 0.199832
v 0.100862 0.458760 0.256078
v 0.077774 0.505643 0.199832
v -0.001864 0.458760 0.276531
v 0.100862 0.458760 0.256078
v 0.077774 0.505643 0.199832
v 0.187737 0.458760 0.197931
v 0.144748 0.505643 0.154899
v 0.246107 0.458760 0.110916
v 0.144748 0.505643 0.154899
v 0.187737 0.458760 0.197931
v -0.001864 0.458760 0.276531
v 0.077774 0.505643 0.199832
v -0.001864 0.505643 0.215624
v 0.144748 0.505643 0.154899
v 0.246107 0.458760 0.110916
v 0.190001 0.505643 0.087612
v 0.246107 0.458760 0.110916
v 0.205384 0.505643 0.008289
v 0.190001 0.505643 0.087612
v 0.144748 0.505643 0.154899
v 0.054242 0.537327 0.143586
v 0.077774 0.505643 0.199832
v 0.054242 0.537327 0.143586
v -0.001864 0.505643 0.215624
v 0.077774 0.505643 0.199832
v 0.190001 0.505643 0.087612
v 0.101761 0.537327 0.111821
v 0.144748 0.505643 0.154899
v 0.054242 0.537327 0.143586
v 0.144748 0.505643 0.154899
v 0.101761 0.537327 0.111821
v 0.205384 0.505643 0.008289
v 0.133439 0.537327 0.064308
v 0.190001 0.505643 0.087612
v 0.101761 0.537327 0.111821
v 0.190001 0.505643 0.087612
v 0.133439 0.537327 0.064308
v 0.133439 0.537327 0.064308
v 0.205384 0.505643 0.008289
v 0.144748 0.537327 0.008289
v 0.144748 0.537327 0.008289
v 0.069184 0.557758 0.008289
v 0.133439 0.537327 0.064308
v 0.133439 0.537327 0.064308
v 0.069184 0.557758 0.008289
v 0.063757 0.557758 0.035439
v 0.101761 0.537327 0.111821
v 0.133439 0.537327 0.064308
v 0.063757 0.557758 0.035439
v 0.063757 0.557758 0.035439
v 0.069184 0.557758 0.008289
v -0.001864 0.565790 0.008289
v 0.048360 0.557758 0.058426
v 0.101761 0.537327 0.111821
v 0.063757 0.557758 0.035439
v 0.048360 0.557758 0.058426
v 0.063757 0.557758 0.035439
v -0.001864 0.565790 0.008289
v 0.025285 0.557758 0.073811
v 0.101761 0.537327 0.111821
v 0.048360 0.557758 0.058426
v 0.101761 0.537327 0.111821
v 0.025285 0.557758 0.073811
v 0.054242 0.537327 0.143586
v 0.025285 0.557758 0.073811
v 0.048360 0.557758 0.058426
v -0.001864 0.565790 0.008289
v -0.001864 0.557758 0.079195
v 0.054242 0.537327 0.143586
v 0.025285 0.557758 0.073811
v -0.001864 0.557758 0.079195
v 0.025285 0.557758 0.073811
v -0.001864 0.565790 0.008289
v 0.054242 0.537327 0.143586
v -0.001864 0.557758 0.079195
v -0.001864 0.537327 0.154718
v -0.001864 0.505643 0.215624
v 0.054242 0.537327 0.143586
v -0.001864 0.537327 0.154718
v -0.001864 0.557758 0.079195
v -0.057971 0.537327 0.143586
v -0.001864 0.537327 0.154718
v -0.057971 0.537327 0.143586
v -0.001864 0.505643 0.215624
v -0.001864 0.537327 0.154718
v -0.029013 0.557758 0.073811
v -0.001864 0.557758 0.079195
v -0.001864 0.565790 0.008289
v -0.057971 0.537327 0.143586
v -0.001864 0.557758 0.079195
v -0.029013 0.557758 0.073811
v -0.001864 0.505643 0.215624
v -0.057971 0.537327 0.143586
v -0.081046 0.505643 0.199832
v -0.081046 0.505643 0.199832
v -0.001864 0.458760 0.276531
v -0.001864 0.505643 0.215624
v -0.001864 0.458760 0.276531
v -0.081046 0.505643 0.199832
v -0.104577 0.458760 0.256078
v -0.148476 0.505643 0.154899
v -0.104577 0.458760 0.256078
v -0.081046 0.505643 0.199832
v -0.081046 0.505643 0.199832
v -0.057971 0.537327 0.143586
v -0.148476 0.505643 0.154899
v -0.104577 0.458760 0.256078
v -0.148476 0.505643 0.154899
v -0.191464 0.458760 0.197931
v -0.057971 0.537327 0.143586
v -0.029013 0.557758 0.073811
v -0.105490 0.537327 0.111821
v -0.148476 0.505643 0.154899
v -0.057971 0.537327 0.143586
v -0.105490 0.537327 0.111821
v -0.105490 0.537327 0.111821
v -0.029013 0.557758 0.073811
v -0.052088 0.557758 0.058426
v -0.052088 0.557758 0.058426
v -0.029013 0.557758 0.073811
v -0.001864 0.565790 0.008289
v -0.137153 0.537327 0.064308
v -0.148476 0.505643 0.154899
v -0.105490 0.537327 0.111821
v -0.105490 0.537327 0.111821
v -0.052088 0.557758 0.058426
v -0.137153 0.537327 0.064308
v -0.193274 0.505643 0.087612
v -0.191464 0.458760 0.197931
v -0.148476 0.505643 0.154899
v -0.148476 0.505643 0.154899
v -0.137153 0.537327 0.064308
v -0.193274 0.505643 0.087612
v -0.191464 0.458760 0.197931
v -0.193274 0.505643 0.087612
v -0.249381 0.458760 0.110916
v -0.067472 0.557758 0.035439
v -0.052088 0.557758 0.058426
v -0.001864 0.565790 0.008289
v -0.067472 0.557758 0.035439
v -0.137153 0.537327 0.064308
v -0.052088 0.557758 0.058426
v -0.270191 0.458760 0.008289
v -0.249381 0.458760 0.110916
v -0.193274 0.505643 0.087612
v -0.209113 0.505643 0.008289
v -0.193274 0.505643 0.087612
v -0.137153 0.537327 0.064308
v -0.193274 0.505643 0.087612
v -0.209113 0.505643 0.008289
v -0.270191 0.458760 0.008289
v -0.137153 0.537327 0.064308
v -0.148021 0.537327 0.008289
v -0.209113 0.505643 0.008289
v -0.072899 0.557758 0.008289
v -0.137153 0.537327 0.064308
v -0.067472 0.557758 0.035439
v -0.137153 0.537327 0.064308
v -0.072899 0.557758 0.008289
v -0.148021 0.537327 0.008289
v -0.072899 0.557758 0.008289
v -0.067472 0.557758 0.035439
v -0.001864 0.565790 0.008289
v -0.137153 0.537327 -0.047731
v -0.209113 0.505643 0.008289
v -0.148021 0.537327 0.008289
v -0.072899 0.557758 0.008289
v -0.137153 0.537327 -0.047731
v -0.148021 0.537327 0.008289
v -0.193274 0.505643 -0.071035
v -0.270191 0.458760 0.008289
v -0.209113 0.505643 0.008289
v -0.209113 0.505643 0.008289
v -0.137153 0.537327 -0.047731
v -0.193274 0.505643 -0.071035
v -0.067472 0.557758 -0.018861
v -0.072899 0.557758 0.008289
v -0.001864 0.565790 0.008289
v -0.137153 0.537327 -0.047731
v -0.072899 0.557758 0.008289
v -0.067472 0.557758 -0.018861
v -0.052088 0.557758 -0.041848
v -0.137153 0.537327 -0.047731
v -0.067472 0.557758 -0.018861
v -0.052088 0.557758 -0.041848
v -0.067472 0.557758 -0.018861
v -0.001864 0.565790 0.008289
v -0.270191 0.458760 0.008289
v -0.193274 0.505643 -0.071035
v -0.249381 0.458760 -0.094338
v -0.137153 0.537327 -0.047731
v -0.148476 0.505643 -0.138321
v -0.193274 0.505643 -0.071035
v -0.193274 0.505643 -0.071035
v -0.191464 0.458760 -0.181354
v -0.249381 0.458760 -0.094338
v -0.191464 0.458760 -0.181354
v -0.193274 0.505643 -0.071035
v -0.148476 0.505643 -0.138321
v -0.249381 0.458760 -0.094338
v -0.227658 0.400347 -0.217464
v -0.296884 0.400348 -0.113886
v -0.227658 0.400347 -0.217464
v -0.249381 0.458760 -0.094338
v -0.191464 0.458760 -0.181354
v -0.191464 0.458760 -0.181354
v -0.124035 0.400347 -0.286651
v -0.227658 0.400347 -0.217464
v -0.124035 0.400347 -0.286651
v -0.191464 0.458760 -0.181354
v -0.104577 0.458760 -0.239500
v -0.148476 0.505643 -0.138321
v -0.104577 0.458760 -0.239500
v -0.191464 0.458760 -0.181354
v -0.104577 0.458760 -0.239500
v -0.148476 0.505643 -0.138321
v -0.081046 0.505643 -0.183255
v -0.001864 0.458760 -0.259953
v -0.104577 0.458760 -0.239500
v -0.081046 0.505643 -0.183255
v -0.148476 0.505643 -0.138321
v -0.057971 0.537327 -0.127009
v -0.081046 0.505643 -0.183255
v -0.001864 0.458760 -0.259953
v -0.081046 0.505643 -0.183255
v -0.001864 0.505643 -0.199047
v -0.001864 0.505643 -0.199047
v -0.081046 0.505643 -0.183255
v -0.057971 0.537327 -0.127009
v 0.077774 0.505643 -0.183255
v -0.001864 0.458760 -0.259953
v -0.001864 0.505643 -0.199047
v -0.001864 0.458760 -0.259953
v 0.077774 0.505643 -0.183255
v 0.100862 0.458760 -0.239500
v -0.001864 0.505643 -0.199047
v 0.054242 0.537327 -0.127009
v 0.077774 0.505643 -0.183255
v 0.144748 0.505643 -0.138321
v 0.100862 0.458760 -0.239500
v 0.077774 0.505643 -0.183255
v 0.054242 0.537327 -0.127009
v 0.144748 0.505643 -0.138321
v 0.077774 0.505643 -0.183255
v 0.054242 0.537327 -0.127009
v -0.001864 0.505643 -0.199047
v -0.001864 0.537327 -0.138140
v -0.001864 0.505643 -0.199047
v -0.057971 0.537327 -0.127009
v -0.001864 0.537327 -0.138140
v 0.054242 0.537327 -0.127009
v -0.001864 0.537327 -0.138140
v -0.001864 0.557758 -0.062618
v -0.057971 0.537327 -0.127009
v -0.001864 0.557758 -0.062618
v -0.001864 0.537327 -0.138140
v 0.187737 0.458760 -0.181354
v 0.120320 0.400347 -0.286651
v 0.100862 0.458760 -0.239500
v 0.100862 0.458760 -0.239500
v 0.144748 0.505643 -0.138321
v 0.187737 0.458760 -0.181354
v 0.120320 0.400347 -0.286651
v 0.187737 0.458760 -0.181354
v 0.223930 0.400347 -0.217464
v 0.144748 0.505643 -0.138321
v 0.246107 0.458760 -0.094338
v 0.187737 0.458760 -0.181354
v 0.187737 0.458760 -0.181354
v 0.293169 0.400348 -0.113886
v 0.223930 0.400347 -0.217464
v 0.293169 0.400348 -0.113886
v 0.187737 0.458760 -0.181354
v 0.246107 0.458760 -0.094338
v 0.246107 0.458760 -0.094338
v 0.205384 0.505643 0.008289
v 0.266476 0.458760 0.008289
v 0.205384 0.505643 0.008289
v 0.246107 0.458760 -0.094338
v 0.190001 0.505643 -0.071035
v 0.246107 0.458760 -0.094338
v 0.144748 0.505643 -0.138321
v 0.190001 0.505643 -0.071035
v 0.133439 0.537327 -0.047731
v 0.205384 0.505643 0.008289
v 0.190001 0.505643 -0.071035
v 0.205384 0.505643 0.008289
v 0.133439 0.537327 -0.047731
v 0.144748 0.537327 0.008289
v 0.133439 0.537327 -0.047731
v 0.069184 0.557758 0.008289
v 0.144748 0.537327 0.008289
v 0.101761 0.537327 -0.095243
v 0.190001 0.505643 -0.071035
v 0.144748 0.505643 -0.138321
v 0.190001 0.505643 -0.071035
v 0.101761 0.537327 -0.095243
v 0.133439 0.537327 -0.047731
v 0.144748 0.505643 -0.138321
v 0.054242 0.537327 -0.127009
v 0.101761 0.537327 -0.095243
v 0.069184 0.557758 0.008289
v 0.133439 0.537327 -0.047731
v 0.063757 0.557758 -0.018861
v 0.101761 0.537327 -0.095243
v 0.063757 0.557758 -0.018861
v 0.133439 0.537327 -0.047731
v 0.069184 0.557758 0.008289
v 0.063757 0.557758 -0.018861
v -0.001864 0.565790 0.008289
v 0.063757 0.557758 -0.018861
v 0.101761 0.537327 -0.095243
v 0.048360 0.557758 -0.041848
v 0.063757 0.557758 -0.018861
v 0.048360 0.557758 -0.041848
v -0.001864 0.565790 0.008289
v 0.101761 0.537327 -0.095243
v 0.054242 0.537327 -0.127009
v 0.025285 0.557758 -0.057233
v 0.101761 0.537327 -0.095243
v 0.025285 0.557758 -0.057233
v 0.048360 0.557758 -0.041848
v 0.048360 0.557758 -0.041848
v 0.025285 0.557758 -0.057233
v -0.001864 0.565790 0.008289
v 0.025285 0.557758 -0.057233
v 0.054242 0.537327 -0.127009
v -0.001864 0.557758 -0.062618
v 0.025285 0.557758 -0.057233
v -0.001864 0.557758 -0.062618
v -0.001864 0.565790 0.008289
v -0.001864 0.557758 -0.062618
v -0.029013 0.557758 -0.057233
v -0.001864 0.565790 0.008289
v -0.001864 0.557758 -0.062618
v -0.057971 0.537327 -0.127009
v -0.029013 0.557758 -0.057233
v -0.105490 0.537327 -0.095243
v -0.029013 0.557758 -0.057233
v -0.057971 0.537327 -0.127009
v -0.057971 0.537327 -0.127009
v -0.148476 0.505643 -0.138321
v -0.105490 0.537327 -0.095243
v -0.148476 0.505643 -0.138321
v -0.137153 0.537327 -0.047731
v -0.105490 0.537327 -0.095243
v -0.137153 0.537327 -0.047731
v -0.052088 0.557758 -0.041848
v -0.105490 0.537327 -0.095243
v -0.029013 0.557758 -0.057233
v -0.105490 0.537327 -0.095243
v -0.052088 0.557758 -0.041848
v -0.029013 0.557758 -0.057233
v -0.052088 0.557758 -0.041848
v -0.001864 0.565790 0.008289
v 0.293169 0.400348 0.130464
v 0.187737 0.458760 0.197931
v 0.223930 0.400348 0.234041
v 0.187737 0.458760 0.197931
v 0.293169 0.400348 0.130464
v 0.246107 0.458760 0.110916
v 0.246107 0.458760 0.110916
v 0.266476 0.458760 0.008289
v 0.205384 0.505643 0.008289
v -0.048926 -0.338884 0.036977
v -0.024028 -0.316857 0.036615
v -0.030822 -0.318970 0.026660
v -0.024028 -0.316857 0.036615
v -0.048926 -0.338884 0.036977
v -0.038059 -0.335455 0.053131
v -0.024028 -0.316857 0.036615
v -0.007747 -0.293213 0.024352
v -0.012719 -0.293906 0.021094
v -0.038059 -0.335455 0.053131
v -0.013629 -0.315445 0.043267
v -0.024028 -0.316857 0.036615
v -0.013629 -0.315445 0.043267
v -0.007747 -0.293213 0.024352
v -0.024028 -0.316857 0.036615
v -0.038059 -0.335455 0.053131
v -0.021322 -0.333160 0.063946
v -0.013629 -0.315445 0.043267
v -0.001864 -0.314951 0.045620
v -0.013629 -0.315445 0.043267
v -0.021322 -0.333160 0.063946
v -0.001864 -0.332359 0.067747
v -0.001864 -0.314951 0.045620
v -0.021322 -0.333160 0.063946
v 0.017593 -0.333160 0.063946
v -0.001864 -0.314951 0.045620
v -0.001864 -0.332359 0.067747
v -0.001864 -0.314951 0.045620
v 0.017593 -0.333160 0.063946
v 0.010357 -0.315445 0.043267
v 0.034344 -0.335455 0.053131
v 0.010357 -0.315445 0.043267
v 0.017593 -0.333160 0.063946
v 0.010357 -0.315445 0.043267
v 0.034344 -0.335455 0.053131
v 0.020314 -0.316857 0.036615
v 0.020314 -0.316857 0.036615
v 0.004018 -0.293213 0.024352
v 0.010357 -0.315445 0.043267
v 0.045198 -0.338884 0.036977
v 0.020314 -0.316857 0.036615
v 0.034344 -0.335455 0.053131
v 0.020314 -0.316857 0.036615
v 0.045198 -0.338884 0.036977
v 0.027093 -0.318970 0.026660
v 0.004018 -0.293213 0.024352
v 0.020314 -0.316857 0.036615
v 0.009004 -0.293906 0.021094
v -0.026292 -0.281553 0.023674
v -0.016336 -0.280701 0.033176
v -0.013629 -0.277543 0.026796
v -0.026292 -0.281553 0.023674
v -0.013629 -0.277543 0.026796
v -0.020410 -0.278136 0.020461
v 0.018504 -0.288009 -0.006553
v 0.016239 -0.283724 0.004895
v 0.022578 -0.287973 0.005981
v 0.016239 -0.283724 0.004895
v 0.018504 -0.288009 -0.006553
v 0.013520 -0.283824 -0.003341
v 0.013520 -0.283824 -0.003341
v 0.004930 -0.282208 0.005574
v 0.016239 -0.283724 0.004895
v 0.004930 -0.282208 0.005574
v 0.013520 -0.283824 -0.003341
v 0.003562 -0.282289 0.002813
v 0.007195 -0.282381 -0.009268
v 0.013520 -0.283824 -0.003341
v 0.018504 -0.288009 -0.006553
v 0.007195 -0.282381 -0.009268
v 0.018504 -0.288009 -0.006553
v 0.009445 -0.285833 -0.015649
v 0.001754 -0.281806 0.000777
v 0.013520 -0.283824 -0.003341
v 0.007195 -0.282381 -0.009268
v 0.003562 -0.282289 0.002813
v 0.013520 -0.283824 -0.003341
v 0.001754 -0.281806 0.000777
v 0.001754 -0.281806 0.000777
v -0.001408 -0.284787 0.006162
v 0.003562 -0.282289 0.002813
v -0.001408 -0.284787 0.006162
v 0.001754 -0.281806 0.000777
v -0.002320 -0.284521 0.005302
v -0.026292 -0.281553 0.023674
v -0.023131 -0.277606 0.011637
v -0.030366 -0.280888 0.010596
v -0.023131 -0.277606 0.011637
v -0.026292 -0.281553 0.023674
v -0.020410 -0.278136 0.020461
v -0.020410 -0.278136 0.020461
v -0.012263 -0.277738 0.011004
v -0.023131 -0.277606 0.011637
v -0.012263 -0.277738 0.011004
v -0.020410 -0.278136 0.020461
v -0.010910 -0.278032 0.014397
v -0.005938 -0.281298 0.011049
v -0.012263 -0.277738 0.011004
v -0.010910 -0.278032 0.014397
v -0.012263 -0.277738 0.011004
v -0.005938 -0.281298 0.011049
v -0.006835 -0.280914 0.009329
v 0.020769 -0.285734 0.018832
v 0.009445 -0.279276 0.020099
v 0.012621 -0.281811 0.028742
v 0.009445 -0.279276 0.020099
v 0.020769 -0.285734 0.018832
v 0.014886 -0.282086 0.013402
v -0.000497 -0.279738 -0.011531
v 0.009445 -0.285833 -0.015649
v -0.002761 -0.281995 -0.019042
v 0.009445 -0.285833 -0.015649
v -0.000497 -0.279738 -0.011531
v 0.007195 -0.282381 -0.009268
v -0.000952 -0.280697 -0.000399
v 0.007195 -0.282381 -0.009268
v -0.000497 -0.279738 -0.011531
v 0.007195 -0.282381 -0.009268
v -0.000952 -0.280697 -0.000399
v 0.001754 -0.281806 0.000777
v -0.000952 -0.280697 -0.000399
v -0.002320 -0.284521 0.005302
v 0.001754 -0.281806 0.000777
v -0.002320 -0.284521 0.005302
v -0.000952 -0.280697 -0.000399
v -0.003217 -0.283710 0.004669
v -0.030366 -0.280888 0.010596
v -0.021776 -0.276082 0.002587
v -0.027660 -0.278878 -0.002798
v -0.021776 -0.276082 0.002587
v -0.030366 -0.280888 0.010596
v -0.023131 -0.277606 0.011637
v -0.023131 -0.277606 0.011637
v -0.011820 -0.276865 0.006841
v -0.021776 -0.276082 0.002587
v -0.011820 -0.276865 0.006841
v -0.023131 -0.277606 0.011637
v -0.012263 -0.277738 0.011004
v -0.006835 -0.280914 0.009329
v -0.011820 -0.276865 0.006841
v -0.012263 -0.277738 0.011004
v -0.006380 -0.280037 0.007293
v -0.011820 -0.276865 0.006841
v -0.006835 -0.280914 0.009329
v -0.018601 -0.280096 -0.017730
v -0.028557 -0.275693 -0.006915
v -0.024028 -0.273348 -0.006463
v -0.024028 -0.273348 -0.006463
v -0.014983 -0.277458 -0.015739
v -0.018601 -0.280096 -0.017730
v -0.024028 -0.273348 -0.006463
v -0.014528 -0.273547 -0.003341
v -0.014983 -0.277458 -0.015739
v -0.014528 -0.273547 -0.003341
v -0.008645 -0.276525 -0.009449
v -0.014983 -0.277458 -0.015739
v -0.014528 -0.273547 -0.003341
v -0.004571 -0.279050 0.000008
v -0.008645 -0.276525 -0.009449
v -0.004571 -0.279050 0.000008
v -0.014528 -0.273547 -0.003341
v -0.007291 -0.277325 0.002451
v -0.001408 -0.280104 0.037384
v -0.012719 -0.272995 0.029963
v -0.016336 -0.275642 0.033900
v -0.012719 -0.272995 0.029963
v -0.001408 -0.280104 0.037384
v 0.000400 -0.277149 0.032995
v 0.000400 -0.277149 0.032995
v -0.007291 -0.273032 0.021094
v -0.012719 -0.272995 0.029963
v -0.007291 -0.273032 0.021094
v 0.000400 -0.277149 0.032995
v 0.001312 -0.275959 0.023040
v 0.001312 -0.275959 0.023040
v -0.000497 -0.278150 0.014035
v -0.007291 -0.273032 0.021094
v -0.000497 -0.278150 0.014035
v -0.004571 -0.276615 0.013357
v -0.007291 -0.273032 0.021094
v 0.028005 -0.273584 0.008560
v 0.023476 -0.272856 -0.007051
v 0.018960 -0.269742 -0.004200
v 0.018960 -0.269742 -0.004200
v 0.023020 -0.270525 0.009827
v 0.028005 -0.273584 0.008560
v 0.023020 -0.270525 0.009827
v 0.018960 -0.269742 -0.004200
v 0.010357 -0.269262 0.001411
v 0.023020 -0.270525 0.009827
v 0.010357 -0.269262 0.001411
v 0.013077 -0.269895 0.011049
v 0.010357 -0.269262 0.001411
v 0.004474 -0.273186 0.010189
v 0.013077 -0.269895 0.011049
v 0.004474 -0.273186 0.010189
v 0.010357 -0.269262 0.001411
v 0.003121 -0.272734 0.005483
v -0.002761 -0.281995 -0.019042
v -0.014983 -0.277458 -0.015739
v -0.008645 -0.276525 -0.009449
v -0.002761 -0.281995 -0.019042
v -0.008645 -0.276525 -0.009449
v -0.000497 -0.279738 -0.011531
v -0.023131 -0.270625 0.020235
v -0.032175 -0.273082 0.008017
v -0.027660 -0.273046 0.023085
v -0.032175 -0.273082 0.008017
v -0.023131 -0.270625 0.020235
v -0.026748 -0.270791 0.006705
v -0.014072 -0.271407 0.014578
v -0.026748 -0.270791 0.006705
v -0.023131 -0.270625 0.020235
v -0.026748 -0.270791 0.006705
v -0.014072 -0.271407 0.014578
v -0.016792 -0.271628 0.005483
v -0.014072 -0.271407 0.014578
v -0.008645 -0.276117 0.006343
v -0.016792 -0.271628 0.005483
v -0.008645 -0.276117 0.006343
v -0.014072 -0.271407 0.014578
v -0.007747 -0.275850 0.010461
v 0.011268 -0.273846 -0.018318
v 0.018960 -0.269742 -0.004200
v 0.023476 -0.272856 -0.007051
v 0.018960 -0.269742 -0.004200
v 0.011268 -0.273846 -0.018318
v 0.008092 -0.270669 -0.014291
v 0.008092 -0.270669 -0.014291
v 0.010357 -0.269262 0.001411
v 0.018960 -0.269742 -0.004200
v 0.010357 -0.269262 0.001411
v 0.008092 -0.270669 -0.014291
v 0.003121 -0.269923 -0.005513
v -0.000497 -0.273090 0.002180
v 0.010357 -0.269262 0.001411
v 0.003121 -0.269923 -0.005513
v 0.003121 -0.272734 0.005483
v 0.010357 -0.269262 0.001411
v -0.000497 -0.273090 0.002180
v 0.013077 -0.278892 0.035258
v 0.023932 -0.275810 0.024036
v 0.019858 -0.272715 0.023538
v 0.013077 -0.278892 0.035258
v 0.019858 -0.272715 0.023538
v 0.009901 -0.275656 0.033221
v 0.010812 -0.271583 0.020370
v 0.009901 -0.275656 0.033221
v 0.019858 -0.272715 0.023538
v 0.009901 -0.275656 0.033221
v 0.010812 -0.271583 0.020370
v 0.004018 -0.273814 0.026932
v 0.010812 -0.271583 0.020370
v -0.000497 -0.275719 0.017610
v 0.004018 -0.273814 0.026932
v -0.000497 -0.275719 0.017610
v 0.010812 -0.271583 0.020370
v 0.003121 -0.274303 0.014669
v 0.003121 -0.274303 0.014669
v -0.000952 -0.279254 0.012859
v -0.000497 -0.275719 0.017610
v -0.016336 -0.280701 0.033176
v -0.003217 -0.278561 0.036706
v -0.005026 -0.275977 0.029194
v -0.016336 -0.280701 0.033176
v -0.005026 -0.275977 0.029194
v -0.013629 -0.277543 0.026796
v -0.005026 -0.275977 0.029194
v -0.004571 -0.276991 0.018198
v -0.013629 -0.277543 0.026796
v -0.013629 -0.277543 0.026796
v -0.004571 -0.276991 0.018198
v -0.008203 -0.277787 0.016841
v -0.004571 -0.276991 0.018198
v -0.004571 -0.281109 0.012316
v -0.008203 -0.277787 0.016841
v -0.004571 -0.281109 0.012316
v -0.004571 -0.276991 0.018198
v -0.002761 -0.280376 0.013040
v -0.005482 -0.278869 0.005438
v -0.009100 -0.275543 0.003175
v -0.006380 -0.280037 0.007293
v -0.011820 -0.276865 0.006841
v -0.006380 -0.280037 0.007293
v -0.009100 -0.275543 0.003175
v 0.004018 -0.273814 0.026932
v -0.003217 -0.278561 0.036706
v 0.009901 -0.275656 0.033221
v 0.004018 -0.273814 0.026932
v -0.005026 -0.275977 0.029194
v -0.003217 -0.278561 0.036706
v -0.000497 -0.275719 0.017610
v -0.005026 -0.275977 0.029194
v 0.004018 -0.273814 0.026932
v -0.004571 -0.276991 0.018198
v -0.005026 -0.275977 0.029194
v -0.000497 -0.275719 0.017610
v -0.000497 -0.275719 0.017610
v -0.002761 -0.280376 0.013040
v -0.004571 -0.276991 0.018198
v -0.002761 -0.280376 0.013040
v -0.000497 -0.275719 0.017610
v -0.000952 -0.279254 0.012859
v -0.016336 -0.275642 0.033900
v -0.023131 -0.270625 0.020235
v -0.027660 -0.273046 0.023085
v -0.023131 -0.270625 0.020235
v -0.016336 -0.275642 0.033900
v -0.012719 -0.272995 0.029963
v -0.012719 -0.272995 0.029963
v -0.014072 -0.271407 0.014578
v -0.023131 -0.270625 0.020235
v -0.014072 -0.271407 0.014578
v -0.012719 -0.272995 0.029963
v -0.007291 -0.273032 0.021094
v -0.014072 -0.271407 0.014578
v -0.007291 -0.273032 0.021094
v -0.004571 -0.276615 0.013357
v -0.014072 -0.271407 0.014578
v -0.004571 -0.276615 0.013357
v -0.007747 -0.275850 0.010461
v 0.013077 -0.269895 0.011049
v 0.003121 -0.274303 0.014669
v 0.010812 -0.271583 0.020370
v 0.003121 -0.274303 0.014669
v 0.013077 -0.269895 0.011049
v 0.004474 -0.273186 0.010189
v 0.019858 -0.272715 0.023538
v 0.013077 -0.269895 0.011049
v 0.010812 -0.271583 0.020370
v 0.019858 -0.272715 0.023538
v 0.023020 -0.270525 0.009827
v 0.013077 -0.269895 0.011049
v 0.023932 -0.275810 0.024036
v 0.023020 -0.270525 0.009827
v 0.019858 -0.272715 0.023538
v 0.023932 -0.275810 0.024036
v 0.028005 -0.273584 0.008560
v 0.023020 -0.270525 0.009827
v 0.004930 -0.281421 0.009103
v -0.000952 -0.284516 0.007248
v -0.000497 -0.283743 0.008741
v 0.004930 -0.282208 0.005574
v -0.000952 -0.284516 0.007248
v 0.004930 -0.281421 0.009103
v 0.004930 -0.281421 0.009103
v 0.016239 -0.283724 0.004895
v 0.004930 -0.282208 0.005574
v 0.016239 -0.283724 0.004895
v 0.004930 -0.281421 0.009103
v 0.014886 -0.282086 0.013402
v 0.014886 -0.282086 0.013402
v 0.022578 -0.287973 0.005981
v 0.016239 -0.283724 0.004895
v 0.022578 -0.287973 0.005981
v 0.014886 -0.282086 0.013402
v 0.020769 -0.285734 0.018832
v -0.000497 -0.278150 0.014035
v 0.001312 -0.275959 0.023040
v 0.003121 -0.279942 0.012361
v 0.003121 -0.279942 0.012361
v 0.001312 -0.275959 0.023040
v 0.009445 -0.279276 0.020099
v 0.001312 -0.275959 0.023040
v 0.012621 -0.281811 0.028742
v 0.009445 -0.279276 0.020099
v 0.012621 -0.281811 0.028742
v 0.001312 -0.275959 0.023040
v 0.000400 -0.277149 0.032995
v 0.000400 -0.277149 0.032995
v 0.012166 -0.285145 0.032724
v 0.012621 -0.281811 0.028742
v 0.012166 -0.285145 0.032724
v 0.000400 -0.277149 0.032995
v -0.001408 -0.280104 0.037384
v -0.006835 -0.271661 -0.007594
v -0.015438 -0.273919 -0.004517
v -0.009100 -0.275543 0.003175
v -0.006835 -0.271661 -0.007594
v -0.009100 -0.275543 0.003175
v -0.005026 -0.274140 0.001320
v -0.006835 -0.271661 -0.007594
v -0.019057 -0.276013 -0.013115
v -0.015438 -0.273919 -0.004517
v -0.019057 -0.276013 -0.013115
v -0.006835 -0.271661 -0.007594
v -0.005938 -0.273005 -0.017459
v -0.005938 -0.273005 -0.017459
v -0.019057 -0.279425 -0.017142
v -0.019057 -0.276013 -0.013115
v -0.019057 -0.279425 -0.017142
v -0.005938 -0.273005 -0.017459
v -0.004129 -0.276268 -0.021893
v -0.003217 -0.283710 0.004669
v -0.004571 -0.279050 0.000008
v -0.004571 -0.282498 0.004714
v -0.004571 -0.279050 0.000008
v -0.003217 -0.283710 0.004669
v -0.000952 -0.280697 -0.000399
v -0.000497 -0.279738 -0.011531
v -0.004571 -0.279050 0.000008
v -0.000952 -0.280697 -0.000399
v -0.004571 -0.279050 0.000008
v -0.000497 -0.279738 -0.011531
v -0.008645 -0.276525 -0.009449
v -0.000952 -0.284516 0.007248
v 0.003562 -0.282289 0.002813
v -0.001408 -0.284787 0.006162
v 0.003562 -0.282289 0.002813
v -0.000952 -0.284516 0.007248
v 0.004930 -0.282208 0.005574
v 0.003121 -0.269923 -0.005513
v -0.005026 -0.274140 0.001320
v -0.000497 -0.273090 0.002180
v -0.005026 -0.274140 0.001320
v 0.003121 -0.269923 -0.005513
v -0.006835 -0.271661 -0.007594
v 0.003121 -0.269923 -0.005513
v -0.005938 -0.273005 -0.017459
v -0.006835 -0.271661 -0.007594
v -0.005938 -0.273005 -0.017459
v 0.003121 -0.269923 -0.005513
v 0.008092 -0.270669 -0.014291
v -0.004129 -0.276268 -0.021893
v 0.008092 -0.270669 -0.014291
v 0.011268 -0.273846 -0.018318
v 0.008092 -0.270669 -0.014291
v -0.004129 -0.276268 -0.021893
v -0.005938 -0.273005 -0.017459
v -0.021776 -0.276082 0.002587
v -0.011820 -0.276865 0.006841
v -0.015438 -0.273919 -0.004517
v -0.011820 -0.276865 0.006841
v -0.009100 -0.275543 0.003175
v -0.015438 -0.273919 -0.004517
v -0.015438 -0.273919 -0.004517
v -0.027660 -0.278878 -0.002798
v -0.021776 -0.276082 0.002587
v -0.027660 -0.278878 -0.002798
v -0.015438 -0.273919 -0.004517
v -0.019057 -0.276013 -0.013115
v -0.007291 -0.277325 0.002451
v -0.016792 -0.271628 0.005483
v -0.008645 -0.276117 0.006343
v -0.016792 -0.271628 0.005483
v -0.007291 -0.277325 0.002451
v -0.014528 -0.273547 -0.003341
v -0.016792 -0.271628 0.005483
v -0.014528 -0.273547 -0.003341
v -0.024028 -0.273348 -0.006463
v -0.016792 -0.271628 0.005483
v -0.024028 -0.273348 -0.006463
v -0.026748 -0.270791 0.006705
v -0.026748 -0.270791 0.006705
v -0.024028 -0.273348 -0.006463
v -0.028557 -0.275693 -0.006915
v -0.026748 -0.270791 0.006705
v -0.028557 -0.275693 -0.006915
v -0.032175 -0.273082 0.008017
v 0.003121 -0.279942 0.012361
v -0.000497 -0.283743 0.008741
v -0.001408 -0.282584 0.010189
v 0.003121 -0.279942 0.012361
v 0.004930 -0.281421 0.009103
v -0.000497 -0.283743 0.008741
v 0.003121 -0.279942 0.012361
v 0.014886 -0.282086 0.013402
v 0.004930 -0.281421 0.009103
v 0.014886 -0.282086 0.013402
v 0.003121 -0.279942 0.012361
v 0.009445 -0.279276 0.020099
v -0.008203 -0.277787 0.016841
v -0.005938 -0.281298 0.011049
v -0.010910 -0.278032 0.014397
v -0.005938 -0.281298 0.011049
v -0.008203 -0.277787 0.016841
v -0.004571 -0.281109 0.012316
v -0.020410 -0.278136 0.020461
v -0.008203 -0.277787 0.016841
v -0.010910 -0.278032 0.014397
v -0.020410 -0.278136 0.020461
v -0.013629 -0.277543 0.026796
v -0.008203 -0.277787 0.016841
v 0.259226 0.199794 -0.252578
v 0.253799 0.304625 -0.247329
v 0.338878 0.199794 -0.132891
v 0.338878 0.199794 -0.132891
v 0.249726 0.092601 -0.243166
v 0.259226 0.199794 -0.252578
v 0.253799 0.304625 -0.247329
v 0.223930 0.400347 -0.217464
v 0.332084 0.304626 -0.130041
v 0.338878 0.199794 -0.132891
v 0.253799 0.304625 -0.247329
v 0.332084 0.304626 -0.130041
v 0.332084 0.304626 -0.130041
v 0.223930 0.400347 -0.217464
v 0.293169 0.400348 -0.113886
v 0.338878 0.199794 -0.132891
v 0.332084 0.304626 -0.130041
v 0.367380 0.199794 0.008289
v 0.332084 0.304626 -0.130041
v 0.293169 0.400348 -0.113886
v 0.359689 0.304626 0.008289
v 0.367380 0.199794 0.008289
v 0.332084 0.304626 -0.130041
v 0.359689 0.304626 0.008289
v 0.359689 0.304626 0.008289
v 0.293169 0.400348 -0.113886
v 0.317599 0.400348 0.008289
v 0.293169 0.400348 -0.113886
v 0.246107 0.458760 -0.094338
v 0.317599 0.400348 0.008289
v 0.317599 0.400348 0.008289
v 0.246107 0.458760 -0.094338
v 0.266476 0.458760 0.008289
v 0.367380 0.199794 0.008289
v 0.326656 0.092601 -0.127778
v 0.338878 0.199794 -0.132891
v 0.249726 0.092601 -0.243166
v 0.338878 0.199794 -0.132891
v 0.326656 0.092601 -0.127778
v 0.326656 0.092601 -0.127778
v 0.229812 0.000667 -0.223120
v 0.249726 0.092601 -0.243166
v 0.326656 0.092601 -0.127778
v 0.367380 0.199794 0.008289
v 0.353805 0.092602 0.008289
v 0.229812 0.000667 -0.223120
v 0.326656 0.092601 -0.127778
v 0.300406 0.000667 -0.116963
v 0.353805 0.092602 0.008289
v 0.300406 0.000667 -0.116963
v 0.326656 0.092601 -0.127778
v 0.300406 0.000667 -0.116963
v 0.353805 0.092602 0.008289
v 0.325303 0.000667 0.008289
v 0.246107 -0.084747 -0.094429
v 0.188191 -0.084747 -0.181490
v 0.300406 0.000667 -0.116963
v 0.188191 -0.084747 -0.181490
v 0.229812 0.000667 -0.223120
v 0.300406 0.000667 -0.116963
v 0.266476 -0.084747 0.008289
v 0.246107 -0.084747 -0.094429
v 0.325303 0.000667 0.008289
v 0.246107 -0.084747 -0.094429
v 0.300406 0.000667 -0.116963
v 0.325303 0.000667 0.008289
v 0.325303 0.000667 0.008289
v 0.246107 -0.084746 0.111006
v 0.266476 -0.084747 0.008289
v 0.246107 -0.084746 0.111006
v 0.325303 0.000667 0.008289
v 0.300406 0.000668 0.133541
v 0.300406 0.000668 0.133541
v 0.188191 -0.084746 0.198067
v 0.246107 -0.084746 0.111006
v 0.188191 -0.084746 0.198067
v 0.300406 0.000668 0.133541
v 0.229812 0.000668 0.239697
v 0.300406 0.000668 0.133541
v 0.326656 0.092602 0.144355
v 0.229812 0.000668 0.239697
v 0.325303 0.000667 0.008289
v 0.353805 0.092602 0.008289
v 0.300406 0.000668 0.133541
v 0.300406 0.000668 0.133541
v 0.353805 0.092602 0.008289
v 0.326656 0.092602 0.144355
v 0.353805 0.092602 0.008289
v 0.367380 0.199794 0.008289
v 0.326656 0.092602 0.144355
v 0.229812 0.000668 0.239697
v 0.326656 0.092602 0.144355
v 0.249726 0.092602 0.259743
v 0.326656 0.092602 0.144355
v 0.367380 0.199794 0.008289
v 0.338878 0.199795 0.149469
v 0.326656 0.092602 0.144355
v 0.338878 0.199795 0.149469
v 0.249726 0.092602 0.259743
v 0.367380 0.199794 0.008289
v 0.332084 0.304626 0.146618
v 0.338878 0.199795 0.149469
v 0.332084 0.304626 0.146618
v 0.367380 0.199794 0.008289
v 0.359689 0.304626 0.008289
v 0.249726 0.092602 0.259743
v 0.338878 0.199795 0.149469
v 0.259226 0.199795 0.269155
v 0.253799 0.304626 0.263906
v 0.338878 0.199795 0.149469
v 0.332084 0.304626 0.146618
v 0.338878 0.199795 0.149469
v 0.253799 0.304626 0.263906
v 0.259226 0.199795 0.269155
v 0.359689 0.304626 0.008289
v 0.293169 0.400348 0.130464
v 0.332084 0.304626 0.146618
v 0.293169 0.400348 0.130464
v 0.359689 0.304626 0.008289
v 0.317599 0.400348 0.008289
v 0.332084 0.304626 0.146618
v 0.223930 0.400348 0.234041
v 0.253799 0.304626 0.263906
v 0.223930 0.400348 0.234041
v 0.332084 0.304626 0.146618
v 0.293169 0.400348 0.130464
v 0.317599 0.400348 0.008289
v 0.246107 0.458760 0.110916
v 0.293169 0.400348 0.130464
v 0.246107 0.458760 0.110916
v 0.317599 0.400348 0.008289
v 0.266476 0.458760 0.008289
v -0.008203 -0.289339 0.006388
v -0.005938 -0.286014 0.006433
v -0.009100 -0.288181 0.007836
v -0.009100 -0.288181 0.007836
v -0.006380 -0.284906 0.007248
v -0.008645 -0.287407 0.009329
v -0.006380 -0.284087 0.008334
v -0.008645 -0.287407 0.009329
v -0.006380 -0.284906 0.007248
v 0.026196 -0.283290 0.022135
v 0.029358 -0.281145 0.006841
v 0.029814 -0.277244 0.007655
v 0.029814 -0.277244 0.007655
v 0.026196 -0.279466 0.023538
v 0.026196 -0.283290 0.022135
v 0.029358 -0.281145 0.006841
v 0.026196 -0.283290 0.022135
v 0.024388 -0.286879 0.019375
v 0.024388 -0.286879 0.019375
v 0.027093 -0.284869 0.005981
v 0.029358 -0.281145 0.006841
v -0.008645 -0.287407 0.009329
v -0.005938 -0.283765 0.009329
v -0.008203 -0.287136 0.010415
v -0.005938 -0.283765 0.009329
v -0.008645 -0.287407 0.009329
v -0.006380 -0.284087 0.008334
v 0.049272 -0.342930 0.017882
v 0.027093 -0.318970 0.026660
v 0.045198 -0.338884 0.036977
v 0.027093 -0.318970 0.026660
v 0.049272 -0.342930 0.017882
v 0.029814 -0.321463 0.014940
v 0.027093 -0.318970 0.026660
v 0.009004 -0.293906 0.021094
v 0.020314 -0.316857 0.036615
v 0.029814 -0.321463 0.014940
v 0.012621 -0.294946 0.016162
v 0.027093 -0.318970 0.026660
v 0.009004 -0.293906 0.021094
v 0.027093 -0.318970 0.026660
v 0.012621 -0.294946 0.016162
v 0.012621 -0.294946 0.016162
v 0.029814 -0.321463 0.014940
v 0.013975 -0.296177 0.010370
v 0.012621 -0.294946 0.016162
v 0.008548 -0.276669 0.018379
v 0.009004 -0.293906 0.021094
v 0.013975 -0.296177 0.010370
v 0.011711 -0.276692 0.013764
v 0.012621 -0.294946 0.016162
v 0.008548 -0.276669 0.018379
v 0.012621 -0.294946 0.016162
v 0.011711 -0.276692 0.013764
v 0.011711 -0.276692 0.013764
v 0.013975 -0.296177 0.010370
v 0.012621 -0.276724 0.008289
v 0.013975 -0.296177 0.010370
v 0.011711 -0.276751 0.002813
v 0.012621 -0.276724 0.008289
v 0.012621 -0.297403 0.004578
v 0.011711 -0.276751 0.002813
v 0.013975 -0.296177 0.010370
v 0.012621 -0.297403 0.004578
v 0.008548 -0.276779 -0.001847
v 0.011711 -0.276751 0.002813
v 0.029814 -0.321463 0.014940
v 0.012621 -0.297403 0.004578
v 0.013975 -0.296177 0.010370
v 0.009004 -0.298445 -0.000309
v 0.008548 -0.276779 -0.001847
v 0.012621 -0.297403 0.004578
v 0.027093 -0.323956 0.003175
v 0.012621 -0.297403 0.004578
v 0.029814 -0.321463 0.014940
v 0.027093 -0.323956 0.003175
v 0.009004 -0.298445 -0.000309
v 0.012621 -0.297403 0.004578
v 0.049272 -0.342930 0.017882
v 0.027093 -0.323956 0.003175
v 0.029814 -0.321463 0.014940
v 0.049272 -0.342930 0.017882
v 0.045198 -0.346974 -0.001169
v 0.027093 -0.323956 0.003175
v 0.020314 -0.326064 -0.006780
v 0.027093 -0.323956 0.003175
v 0.045198 -0.346974 -0.001169
v 0.020314 -0.326064 -0.006780
v 0.009004 -0.298445 -0.000309
v 0.027093 -0.323956 0.003175
v 0.034344 -0.350401 -0.017368
v 0.020314 -0.326064 -0.006780
v 0.045198 -0.346974 -0.001169
v 0.018049 -0.298878 -0.006508
v 0.024388 -0.295602 0.007655
v 0.022578 -0.298842 0.008560
v 0.024388 -0.295602 0.007655
v 0.018049 -0.298878 -0.006508
v 0.019858 -0.295593 -0.007549
v 0.019858 -0.295593 -0.007549
v 0.024842 -0.291882 0.006886
v 0.024388 -0.295602 0.007655
v 0.024842 -0.291882 0.006886
v 0.019858 -0.295593 -0.007549
v 0.020314 -0.291865 -0.007549
v 0.024842 -0.291882 0.006886
v 0.020314 -0.291865 -0.007549
v 0.018504 -0.288009 -0.006553
v 0.024842 -0.291882 0.006886
v 0.018504 -0.288009 -0.006553
v 0.022578 -0.287973 0.005981
v 0.020314 -0.291865 -0.007549
v 0.009445 -0.289385 -0.018002
v 0.009445 -0.285833 -0.015649
v 0.009445 -0.285833 -0.015649
v 0.018504 -0.288009 -0.006553
v 0.020314 -0.291865 -0.007549
v -0.008203 -0.292571 0.006388
v -0.004571 -0.289105 0.009918
v -0.006835 -0.293024 0.011094
v -0.004571 -0.289105 0.009918
v -0.008203 -0.292571 0.006388
v -0.005026 -0.288679 0.007474
v 0.021211 -0.293028 0.022995
v 0.012166 -0.285145 0.032724
v 0.011268 -0.288579 0.034353
v 0.012166 -0.285145 0.032724
v 0.021211 -0.293028 0.022995
v 0.022123 -0.289435 0.021592
v 0.022123 -0.289435 0.021592
v 0.012621 -0.281811 0.028742
v 0.012166 -0.285145 0.032724
v 0.012621 -0.281811 0.028742
v 0.022123 -0.289435 0.021592
v 0.020769 -0.285734 0.018832
v -0.004571 -0.287720 0.005166
v -0.008203 -0.292571 0.006388
v -0.006380 -0.291458 0.001908
v -0.008203 -0.292571 0.006388
v -0.004571 -0.287720 0.005166
v -0.005026 -0.288679 0.007474
v -0.004571 -0.287720 0.005166
v -0.005026 -0.284670 0.008334
v -0.005026 -0.288679 0.007474
v -0.005026 -0.284670 0.008334
v -0.004571 -0.287720 0.005166
v -0.004571 -0.283792 0.006705
v -0.004571 -0.283792 0.006705
v -0.002761 -0.286508 0.003718
v -0.003673 -0.282666 0.005483
v -0.002761 -0.286508 0.003718
v -0.004571 -0.283792 0.006705
v -0.004571 -0.287720 0.005166
v -0.006380 -0.291458 0.001908
v -0.002761 -0.286508 0.003718
v -0.004571 -0.287720 0.005166
v 0.022578 -0.298842 0.008560
v 0.021211 -0.293028 0.022995
v 0.018960 -0.296232 0.023493
v 0.021211 -0.293028 0.022995
v 0.022578 -0.298842 0.008560
v 0.024388 -0.295602 0.007655
v 0.024388 -0.295602 0.007655
v 0.022123 -0.289435 0.021592
v 0.021211 -0.293028 0.022995
v 0.022123 -0.289435 0.021592
v 0.024388 -0.295602 0.007655
v 0.024842 -0.291882 0.006886
v -0.006835 -0.293024 0.011094
v -0.002761 -0.288869 0.011682
v -0.003217 -0.292670 0.014397
v -0.002761 -0.288869 0.011682
v -0.006835 -0.293024 0.011094
v -0.004571 -0.289105 0.009918
v -0.006835 -0.280914 0.009329
v -0.004571 -0.283792 0.006705
v -0.006380 -0.280037 0.007293
v -0.004571 -0.283792 0.006705
v -0.006835 -0.280914 0.009329
v -0.005026 -0.284670 0.008334
v -0.006380 -0.284087 0.008334
v -0.006380 -0.280244 0.007429
v -0.005938 -0.283765 0.009329
v -0.005938 -0.283765 0.009329
v -0.006380 -0.280244 0.007429
v -0.005938 -0.279919 0.009329
v -0.005026 -0.288679 0.007474
v -0.004129 -0.285072 0.009918
v -0.004571 -0.289105 0.009918
v -0.004129 -0.285072 0.009918
v -0.005026 -0.288679 0.007474
v -0.005026 -0.284670 0.008334
v 0.029358 -0.281145 0.006841
v 0.024842 -0.280457 -0.008182
v 0.024842 -0.276534 -0.008137
v 0.029358 -0.281145 0.006841
v 0.022578 -0.284209 -0.007096
v 0.024842 -0.280457 -0.008182
v 0.029358 -0.281145 0.006841
v 0.024842 -0.276534 -0.008137
v 0.029814 -0.277244 0.007655
v 0.029814 -0.277244 0.007655
v 0.024842 -0.276534 -0.008137
v 0.023476 -0.272856 -0.007051
v 0.022578 -0.284209 -0.007096
v 0.029358 -0.281145 0.006841
v 0.027093 -0.284869 0.005981
v 0.023476 -0.272856 -0.007051
v 0.028005 -0.273584 0.008560
v 0.029814 -0.277244 0.007655
v -0.007747 -0.275850 0.010461
v -0.004571 -0.280326 0.010687
v -0.005938 -0.279919 0.009329
v -0.004571 -0.280326 0.010687
v -0.007747 -0.275850 0.010461
v -0.004571 -0.276615 0.013357
v -0.006380 -0.284906 0.007248
v -0.005938 -0.281204 0.005709
v -0.006380 -0.284087 0.008334
v -0.006380 -0.280244 0.007429
v -0.006380 -0.284087 0.008334
v -0.005938 -0.281204 0.005709
v -0.005938 -0.281204 0.005709
v -0.008645 -0.276117 0.006343
v -0.006380 -0.280244 0.007429
v -0.008645 -0.276117 0.006343
v -0.005938 -0.281204 0.005709
v -0.007291 -0.277325 0.002451
v -0.005938 -0.279919 0.009329
v -0.008645 -0.276117 0.006343
v -0.007747 -0.275850 0.010461
v -0.006380 -0.280244 0.007429
v -0.008645 -0.276117 0.006343
v -0.005938 -0.279919 0.009329
v 0.024842 -0.280457 -0.008182
v 0.012621 -0.285054 -0.016599
v 0.013077 -0.281408 -0.018997
v 0.012621 -0.285054 -0.016599
v 0.024842 -0.280457 -0.008182
v 0.022578 -0.284209 -0.007096
v 0.015784 -0.286336 0.033719
v 0.026196 -0.283290 0.022135
v 0.026196 -0.279466 0.023538
v 0.026196 -0.279466 0.023538
v 0.014886 -0.282593 0.035348
v 0.015784 -0.286336 0.033719
v 0.026196 -0.283290 0.022135
v 0.015784 -0.286336 0.033719
v 0.015328 -0.289748 0.029692
v 0.015328 -0.289748 0.029692
v 0.024388 -0.286879 0.019375
v 0.026196 -0.283290 0.022135
v -0.005938 -0.286014 0.006433
v -0.004571 -0.282498 0.004714
v -0.006380 -0.284906 0.007248
v -0.005938 -0.281204 0.005709
v -0.006380 -0.284906 0.007248
v -0.004571 -0.282498 0.004714
v -0.004571 -0.282498 0.004714
v -0.007291 -0.277325 0.002451
v -0.005938 -0.281204 0.005709
v -0.007291 -0.277325 0.002451
v -0.004571 -0.282498 0.004714
v -0.004571 -0.279050 0.000008
v -0.006835 -0.280914 0.009329
v -0.004129 -0.285072 0.009918
v -0.005026 -0.284670 0.008334
v -0.004129 -0.285072 0.009918
v -0.006835 -0.280914 0.009329
v -0.005938 -0.281298 0.011049
v -0.006380 -0.280037 0.007293
v -0.003673 -0.282666 0.005483
v -0.005482 -0.278869 0.005438
v 0.026196 -0.279466 0.023538
v 0.028005 -0.273584 0.008560
v 0.023932 -0.275810 0.024036
v 0.026196 -0.279466 0.023538
v 0.029814 -0.277244 0.007655
v 0.028005 -0.273584 0.008560
v 0.020769 -0.285734 0.018832
v 0.024842 -0.291882 0.006886
v 0.022578 -0.287973 0.005981
v 0.024842 -0.291882 0.006886
v 0.020769 -0.285734 0.018832
v 0.022123 -0.289435 0.021592
vn -0.3862 -0.0236 -0.9221
vn -0.7068 -0.0236 -0.7070
vn -0.6856 0.2443 -0.6858
vn -0.6910 -0.2120 -0.6911
vn -0.3697 0.2438 -0.8966
vn -0.5927 0.5452 -0.5929
vn -0.3765 -0.2118 -0.9019
vn -0.6352 -0.4392 -0.6353
vn -0.6909 -0.2120 -0.6911
vn -0.6909 -0.2120 -0.6912
vn -0.3469 -0.4413 -0.8276
vn -0.0000 -0.0236 -0.9997
vn -0.0002 -0.0236 -0.9997
vn -0.3218 0.5414 -0.7768
vn -0.3697 0.2439 -0.8966
vn -0.5927 0.5453 -0.5928
vn -0.0001 -0.2128 -0.9771
vn -0.3468 -0.4413 -0.8276
vn -0.3764 -0.2118 -0.9019
vn -0.0000 -0.2128 -0.9771
vn -0.0000 -0.4409 -0.8976
vn 0.3468 -0.4414 -0.8276
vn 0.0001 -0.2128 -0.9771
vn 0.3763 -0.2117 -0.9020
vn 0.3764 -0.2117 -0.9019
vn 0.6352 -0.4392 -0.6354
vn 0.3765 -0.2117 -0.9019
vn -0.0001 0.2444 -0.9697
vn -0.3217 0.5414 -0.7768
vn -0.0000 0.2443 -0.9697
vn -0.3696 0.2438 -0.8966
vn -0.0000 0.5419 -0.8404
vn -0.2597 0.7321 -0.6298
vn -0.0000 0.2444 -0.9697
vn -0.0000 0.7302 -0.6832
vn 0.2598 0.7319 -0.6299
vn -0.0000 0.5420 -0.8404
vn 0.3217 0.5414 -0.7768
vn 0.0001 0.5419 -0.8404
vn 0.3697 0.2438 -0.8966
vn 0.0002 -0.0236 -0.9997
vn 0.5927 0.5453 -0.5928
vn 0.0001 -0.0236 -0.9997
vn 0.3862 -0.0236 -0.9221
vn 0.6855 0.2443 -0.6858
vn 0.6856 0.2443 -0.6858
vn 0.3863 -0.0236 -0.9221
vn 0.7068 -0.0236 -0.7071
vn 0.6909 -0.2120 -0.6912
vn 0.6352 -0.4392 -0.6353
vn -0.0000 -0.4410 -0.8975
vn -0.0000 -0.6624 -0.7492
vn -0.2837 -0.6621 -0.6936
vn -0.3468 -0.4414 -0.8276
vn 0.2837 -0.6621 -0.6936
vn 0.0001 -0.4410 -0.8975
vn 0.0001 -0.4409 -0.8975
vn 0.5291 -0.6634 -0.5291
vn 0.5291 -0.6634 -0.5292
vn 0.2838 -0.6621 -0.6936
vn -0.5291 -0.6633 -0.5293
vn -0.2838 -0.6621 -0.6936
vn 0.1805 -0.8635 -0.4710
vn 0.3538 -0.8412 -0.4089
vn 0.4879 -0.3778 -0.7869
vn 0.0785 -0.4396 -0.8948
vn -0.2519 -0.6140 -0.7481
vn -0.5258 0.0705 -0.8477
vn -0.6292 -0.4562 -0.6293
vn -0.5258 0.0704 -0.8477
vn -0.2519 -0.6140 -0.7480
vn -0.0631 -0.1025 -0.9927
vn -0.0472 0.1258 -0.9909
vn -0.3641 -0.4907 -0.7916
vn -0.5271 -0.0000 -0.8498
vn 0.0469 -0.3764 -0.9253
vn -0.5272 0.0001 -0.8497
vn -0.1343 0.6083 -0.7823
vn -0.0474 0.1258 -0.9909
vn -0.1344 0.6082 -0.7823
vn -0.5272 0.0002 -0.8497
vn -0.5432 0.4961 -0.6773
vn 0.0470 -0.3764 -0.9253
vn -0.0867 -0.8590 -0.5045
vn -0.3640 -0.4908 -0.7916
vn 0.0470 -0.3765 -0.9252
vn 0.1414 -0.8012 -0.5815
vn 0.4487 0.2203 -0.8661
vn 0.0471 -0.3763 -0.9253
vn -0.0470 0.1259 -0.9909
vn -0.0471 0.1259 -0.9909
vn 0.2765 0.6951 -0.6636
vn 0.4486 0.2204 -0.8661
vn -0.0471 0.1260 -0.9909
vn -0.1343 0.6084 -0.7822
vn 0.0472 -0.3763 -0.9253
vn 0.4487 0.2204 -0.8661
vn 0.4865 -0.2904 -0.8240
vn 0.3861 -0.7563 -0.5282
vn 0.0471 -0.3764 -0.9253
vn 0.0471 -0.3764 -0.9252
vn 0.3861 -0.7563 -0.5281
vn 0.1414 -0.8011 -0.5815
vn -0.5518 0.4966 -0.6700
vn -0.6577 0.2193 -0.7206
vn -0.2978 0.4702 -0.8308
vn -0.2605 0.5446 -0.7972
vn -0.2606 0.5446 -0.7972
vn -0.4888 0.5677 -0.6624
vn -0.5272 -0.0001 -0.8497
vn -0.6457 -0.6061 -0.4645
vn -0.8675 -0.1262 -0.4811
vn -0.6456 -0.6061 -0.4646
vn -0.3643 -0.4907 -0.7916
vn 0.2606 0.5446 -0.7972
vn 0.5518 0.4966 -0.6700
vn 0.4888 0.5677 -0.6624
vn 0.2605 0.5446 -0.7972
vn 0.2978 0.4703 -0.8307
vn 0.6577 0.2193 -0.7206
vn -0.0000 0.5363 -0.8440
vn 0.2976 0.4703 -0.8308
vn 0.6578 0.2193 -0.7206
vn 0.3152 -0.5044 -0.8039
vn 0.5831 -0.5123 -0.6305
vn 0.2978 0.4703 -0.8308
vn 0.3552 0.1894 -0.9154
vn 0.3153 -0.5044 -0.8039
vn 0.3551 0.1894 -0.9154
vn -0.0000 0.4628 -0.8865
vn 0.3551 0.1895 -0.9154
vn -0.0001 0.5363 -0.8440
vn -0.2977 0.4702 -0.8308
vn 0.0001 0.1733 -0.9849
vn 0.3551 0.1894 -0.9155
vn -0.0000 -0.4970 -0.8678
vn 0.3550 0.1893 -0.9155
vn -0.0000 0.1732 -0.9849
vn -0.3551 0.1894 -0.9155
vn -0.0000 0.1733 -0.9849
vn -0.3551 0.1894 -0.9154
vn -0.0001 0.1732 -0.9849
vn -0.0002 0.4628 -0.8865
vn -0.3153 -0.5044 -0.8038
vn -0.6578 0.2192 -0.7206
vn -0.3552 0.1894 -0.9154
vn -0.2979 0.4702 -0.8308
vn -0.3551 0.1895 -0.9154
vn -0.3153 -0.5044 -0.8039
vn -0.5832 -0.5123 -0.6304
vn 0.4649 -0.8113 -0.3545
vn 0.1805 -0.7299 -0.6593
vn 0.4108 -0.2765 -0.8688
vn 0.7769 -0.3689 -0.5102
vn 0.8482 0.1412 -0.5105
vn 0.8482 0.1413 -0.5105
vn 0.5191 0.2202 -0.8258
vn -0.8711 -0.1099 -0.4787
vn -0.6069 -0.6386 -0.4731
vn -0.5272 -0.0003 -0.8497
vn 0.4984 -0.7831 -0.3719
vn 0.8129 -0.2605 -0.5209
vn 0.1576 -0.7328 -0.6619
vn 0.8128 -0.2606 -0.5209
vn 0.4323 -0.2279 -0.8724
vn -0.2046 -0.5822 -0.7869
vn -0.0629 -0.1180 -0.9910
vn 0.4107 -0.2767 -0.8688
vn 0.4106 -0.2764 -0.8689
vn -0.0628 -0.1178 -0.9910
vn 0.0948 0.3709 -0.9238
vn 0.0948 0.3710 -0.9238
vn 0.5190 0.2202 -0.8260
vn 0.0949 0.3710 -0.9238
vn 0.4809 0.6938 -0.5361
vn 0.5190 0.2202 -0.8259
vn 0.2448 0.7737 -0.5844
vn -0.3230 -0.5359 -0.7801
vn 0.0785 -0.4397 -0.8947
vn -0.3230 -0.5358 -0.7801
vn -0.0000 -0.8975 -0.4410
vn 0.0785 -0.4395 -0.8948
vn -0.0473 0.1025 -0.9936
vn 0.7945 -0.3618 -0.4877
vn 0.8360 0.1735 -0.5206
vn 0.4880 -0.3777 -0.7869
vn 0.4567 0.1653 -0.8741
vn 0.4879 -0.3777 -0.7870
vn 0.4323 -0.2278 -0.8725
vn 0.1335 0.4242 -0.8957
vn -0.0630 -0.1024 -0.9927
vn 0.1335 0.4241 -0.8957
vn 0.4323 -0.2277 -0.8725
vn 0.5338 0.3140 -0.7851
vn -0.5202 0.0710 -0.8511
vn -0.8423 0.2442 -0.4804
vn -0.5502 0.6996 -0.4559
vn -0.2999 0.5364 -0.7889
vn 0.1576 -0.7327 -0.6621
vn -0.0630 -0.1025 -0.9927
vn -0.2520 -0.6140 -0.7480
vn -0.0630 -0.1026 -0.9927
vn 0.1576 -0.7327 -0.6620
vn 0.4322 -0.2279 -0.8725
vn 0.3078 0.8207 -0.4814
vn 0.5338 0.3143 -0.7851
vn 0.4728 0.7801 -0.4098
vn 0.5338 0.3142 -0.7851
vn 0.1336 0.4243 -0.8956
vn 0.8129 -0.2604 -0.5209
vn 0.5339 0.3140 -0.7851
vn 0.4323 -0.2279 -0.8725
vn 0.8333 0.2750 -0.4796
vn -0.6082 -0.4106 -0.6794
vn -0.5200 0.0709 -0.8512
vn -0.2047 -0.5822 -0.7869
vn -0.2998 0.5364 -0.7889
vn -0.2997 0.5363 -0.7890
vn 0.0947 0.3711 -0.9238
vn 0.0236 0.8641 -0.5028
vn 0.0947 0.3711 -0.9237
vn 0.2447 0.7738 -0.5843
vn 0.8188 -0.2598 -0.5119
vn 0.4489 0.2204 -0.8660
vn 0.8205 0.2524 -0.5129
vn 0.4488 0.2205 -0.8660
vn 0.5840 0.7261 -0.3630
vn 0.8205 0.2525 -0.5129
vn 0.8188 -0.2598 -0.5120
vn 0.4866 -0.2901 -0.8240
vn 0.4488 0.2204 -0.8660
vn 0.2663 0.6970 -0.6658
vn 0.8360 0.1737 -0.5205
vn 0.5959 0.7135 -0.3686
vn 0.4567 0.1654 -0.8741
vn -0.0630 -0.1023 -0.9928
vn -0.2433 0.5807 -0.7769
vn -0.5257 0.0707 -0.8477
vn -0.0630 -0.1022 -0.9928
vn -0.2432 0.5807 -0.7769
vn 0.1335 0.4244 -0.8956
vn 0.1263 0.8840 -0.4500
vn -0.1572 0.6368 -0.7548
vn 0.2663 0.6971 -0.6657
vn -0.5574 0.5338 -0.6359
vn -0.5272 0.0001 -0.8498
vn -0.1573 0.6368 -0.7548
vn -0.5272 -0.0000 -0.8498
vn -0.0474 0.1025 -0.9936
vn -0.5259 0.0708 -0.8476
vn -0.5035 0.7237 -0.4720
vn -0.8478 0.2278 -0.4789
vn -0.3396 -0.9397 0.0395
vn -0.2751 -0.9588 -0.0708
vn -0.2601 -0.9617 -0.0867
vn -0.1495 -0.9749 -0.1651
vn -0.3461 -0.9361 0.0629
vn -0.1417 -0.9760 -0.1653
vn -0.3630 -0.9155 0.1737
vn -0.0000 -0.9806 -0.1960
vn -0.3635 -0.9087 0.2054
vn -0.0000 -0.9806 -0.1961
vn -0.3234 -0.8834 0.3392
vn 0.1417 -0.9760 -0.1653
vn -0.3307 -0.8897 0.3149
vn 0.1494 -0.9749 -0.1651
vn -0.2362 -0.8659 0.4409
vn 0.2601 -0.9617 -0.0867
vn -0.2527 -0.8685 0.4264
vn 0.2751 -0.9588 -0.0707
vn -0.1265 -0.8534 0.5057
vn 0.3396 -0.9397 0.0395
vn -0.1342 -0.8525 0.5052
vn 0.3461 -0.9361 0.0629
vn 0.3630 -0.9155 0.1736
vn 0.3635 -0.9087 0.2054
vn -0.0000 -0.8497 0.5272
vn -0.0000 -0.8498 0.5271
vn 0.1342 -0.8525 0.5053
vn 0.1264 -0.8534 0.5057
vn 0.2527 -0.8685 0.4264
vn 0.2362 -0.8660 0.4408
vn 0.3307 -0.8896 0.3149
vn 0.3234 -0.8834 0.3392
vn 0.5980 -0.7789 0.1889
vn 0.5349 -0.7394 0.4089
vn -0.0002 -0.9980 0.0628
vn 0.5688 -0.8215 -0.0395
vn 0.5980 -0.7790 0.1886
vn -0.0000 -0.9980 0.0629
vn 0.4485 -0.8576 -0.2518
vn 0.5687 -0.8216 -0.0395
vn -0.0000 -0.9980 0.0631
vn 0.2434 -0.8870 -0.3925
vn 0.4484 -0.8576 -0.2518
vn -0.0000 -0.8944 -0.4472
vn 0.2433 -0.8870 -0.3925
vn -0.2433 -0.8870 -0.3925
vn -0.0001 -0.8944 -0.4472
vn -0.4484 -0.8576 -0.2518
vn -0.2434 -0.8870 -0.3925
vn -0.5688 -0.8215 -0.0396
vn -0.4485 -0.8576 -0.2518
vn -0.5980 -0.7790 0.1886
vn -0.5688 -0.8215 -0.0395
vn 0.5502 -0.6996 0.4559
vn 0.1651 -0.9825 0.0865
vn 0.6008 -0.7984 0.0396
vn 0.1651 -0.9825 0.0866
vn 0.1265 -0.9403 0.3160
vn 0.1264 -0.9403 0.3160
vn -0.2128 -0.9699 0.1183
vn 0.1649 -0.9825 0.0865
vn -0.2129 -0.9699 0.1183
vn 0.1263 -0.9403 0.3160
vn -0.2516 -0.9522 0.1731
vn -0.6277 -0.7770 -0.0471
vn -0.2520 -0.9521 0.1731
vn -0.6357 -0.7617 0.1256
vn 0.1343 -0.6084 0.7822
vn -0.2764 -0.6953 0.6635
vn -0.0473 -0.9530 0.2994
vn -0.0473 -0.9530 0.2993
vn 0.1812 -0.9142 0.3626
vn 0.1813 -0.9142 0.3624
vn -0.0471 -0.9530 0.2993
vn 0.1491 -0.9885 -0.0235
vn 0.2051 -0.9782 -0.0313
vn 0.1491 -0.9885 -0.0236
vn 0.2051 -0.9782 -0.0318
vn 0.1491 -0.9885 -0.0237
vn 0.3538 -0.8413 -0.4087
vn 0.5907 -0.7957 0.1339
vn 0.4163 -0.8561 0.3062
vn 0.2364 -0.9691 -0.0709
vn 0.5908 -0.7956 0.1339
vn 0.2283 -0.9682 -0.1023
vn 0.2362 -0.9691 -0.0709
vn -0.1422 -0.9406 -0.3083
vn 0.2281 -0.9682 -0.1024
vn -0.1421 -0.9406 -0.3083
vn 0.2363 -0.9691 -0.0709
vn -0.0000 -0.8976 -0.4408
vn 0.1813 -0.9142 0.3625
vn 0.4162 -0.8561 0.3064
vn 0.5432 -0.4963 0.6772
vn 0.5433 -0.4963 0.6772
vn 0.1344 -0.6084 0.7821
vn 0.4162 -0.8561 0.3063
vn 0.2051 -0.9782 -0.0314
vn 0.2364 -0.9691 -0.0708
vn 0.2051 -0.9782 -0.0317
vn 0.2363 -0.9691 -0.0710
vn 0.1805 -0.8635 -0.4709
vn 0.0079 -0.9715 0.2369
vn 0.2050 -0.9706 -0.1261
vn -0.1496 -0.9842 0.0945
vn 0.2051 -0.9706 -0.1261
vn 0.0079 -0.9715 0.2368
vn 0.2048 -0.9696 -0.1339
vn 0.0079 -0.9715 0.2370
vn -0.1496 -0.9842 0.0946
vn -0.5958 -0.7136 0.3685
vn -0.2663 -0.6971 0.6657
vn 0.0079 -0.9715 0.2371
vn -0.2987 -0.8800 -0.3693
vn -0.6081 -0.4108 -0.6793
vn -0.2046 -0.5823 -0.7868
vn -0.6081 -0.4109 -0.6793
vn -0.2986 -0.8800 -0.3694
vn -0.5282 -0.7884 -0.3154
vn -0.3396 -0.9397 0.0394
vn -0.2986 -0.8800 -0.3693
vn -0.5282 -0.7884 -0.3153
vn -0.3621 -0.9288 0.0786
vn -0.3395 -0.9398 0.0396
vn -0.1264 -0.8841 0.4499
vn -0.3620 -0.9288 0.0790
vn -0.1263 -0.8841 0.4499
vn -0.3078 -0.8207 0.4813
vn -0.3944 -0.7098 0.5836
vn -0.5348 -0.7394 0.4090
vn -0.0050 -0.9983 0.0573
vn -0.5349 -0.7394 0.4089
vn -0.5980 -0.7789 0.1889
vn 0.0001 -0.9980 0.0629
vn -0.2132 -0.6869 0.6948
vn -0.3943 -0.7098 0.5837
vn -0.0000 -0.9980 0.0628
vn 0.3943 -0.7098 0.5837
vn 0.2132 -0.6869 0.6948
vn -0.0001 -0.9980 0.0628
vn 0.5349 -0.7393 0.4090
vn 0.3944 -0.7098 0.5836
vn -0.3621 -0.9288 0.0787
vn -0.3544 -0.9295 0.1025
vn 0.0235 -0.9484 0.3162
vn -0.1262 -0.8841 0.4499
vn 0.5034 -0.7237 0.4720
vn 0.0237 -0.9484 0.3162
vn 0.5034 -0.7237 0.4721
vn -0.1262 -0.8841 0.4500
vn 0.2432 -0.5808 0.7769
vn -0.7557 -0.6456 0.1102
vn -0.6959 -0.7039 -0.1421
vn -0.3546 -0.9294 0.1024
vn -0.3547 -0.9293 0.1024
vn -0.3471 -0.9303 0.1183
vn -0.3467 -0.9305 0.1183
vn -0.3544 -0.9295 0.1024
vn 0.0236 -0.9484 0.3161
vn 0.0786 -0.9908 0.1101
vn 0.0238 -0.9484 0.3161
vn 0.5911 -0.8041 0.0632
vn 0.0789 -0.9908 0.1101
vn 0.5911 -0.8041 0.0631
vn 0.5034 -0.7238 0.4719
vn 0.2285 -0.9682 -0.1023
vn 0.6500 -0.7519 -0.1097
vn 0.6501 -0.7519 -0.1097
vn 0.2284 -0.9682 -0.1023
vn 0.2129 -0.9689 -0.1260
vn -0.1423 -0.9406 -0.3082
vn 0.2125 -0.9690 -0.1261
vn 0.2281 -0.9682 -0.1023
vn -0.2039 -0.9728 -0.1099
vn -0.1423 -0.9406 -0.3083
vn -0.7060 -0.7061 -0.0550
vn -0.2040 -0.9728 -0.1098
vn -0.7060 -0.7061 -0.0549
vn -0.6069 -0.6387 -0.4729
vn -0.5265 -0.8253 -0.2043
vn -0.3316 -0.9314 0.1499
vn -0.3548 -0.8908 -0.2838
vn -0.3316 -0.9314 0.1498
vn -0.5264 -0.8253 -0.2043
vn -0.3063 -0.9346 0.1806
vn -0.3548 -0.8908 -0.2839
vn -0.2520 -0.6141 -0.7479
vn -0.5266 -0.8252 -0.2044
vn -0.6292 -0.4564 -0.6292
vn 0.1414 -0.8013 -0.5813
vn 0.1734 -0.9695 -0.1734
vn -0.0867 -0.8591 -0.5044
vn 0.1734 -0.9695 -0.1735
vn 0.1969 -0.9689 -0.1498
vn 0.1970 -0.9689 -0.1495
vn 0.3997 -0.8937 0.2038
vn 0.2127 -0.9375 0.2756
vn 0.1573 -0.6369 0.7547
vn 0.3998 -0.8936 0.2038
vn 0.2127 -0.9374 0.2758
vn 0.1574 -0.6369 0.7547
vn 0.5574 -0.5339 0.6358
vn 0.5911 -0.8041 0.0630
vn 0.0159 -0.9946 -0.1027
vn 0.0787 -0.9908 0.1101
vn 0.5910 -0.8042 0.0630
vn 0.4984 -0.7832 -0.3718
vn 0.3861 -0.7565 -0.5279
vn 0.1970 -0.9689 -0.1498
vn 0.1970 -0.9689 -0.1499
vn 0.2050 -0.9695 -0.1342
vn 0.2049 -0.9696 -0.1337
vn 0.1969 -0.9690 -0.1494
vn 0.2127 -0.9374 0.2756
vn 0.2049 -0.9696 -0.1336
vn 0.2127 -0.9374 0.2757
vn -0.2662 -0.6971 0.6657
vn 0.1573 -0.6370 0.7546
vn -0.2287 -0.8124 0.5364
vn -0.2135 -0.8540 0.4744
vn -0.0001 -0.8122 0.5834
vn -0.2369 -0.7819 0.5766
vn -0.5841 -0.6157 0.5289
vn -0.3152 -0.6305 0.7093
vn 0.3153 -0.6305 0.7092
vn -0.0001 -0.8589 0.5122
vn -0.0000 -0.6410 0.7676
vn -0.0002 -0.8122 0.5834
vn 0.3153 -0.6305 0.7093
vn 0.2135 -0.8540 0.4744
vn 0.5841 -0.6157 0.5289
vn 0.2135 -0.8540 0.4745
vn 0.7659 -0.5843 0.2684
vn 0.4022 -0.8440 0.3549
vn 0.8311 -0.5541 -0.0475
vn 0.5263 -0.8326 0.1728
vn 0.5263 -0.8326 0.1726
vn 0.4022 -0.8439 0.3550
vn 0.2288 -0.8124 0.5364
vn 0.2136 -0.8540 0.4744
vn 0.2287 -0.8124 0.5364
vn 0.4175 -0.8112 0.4095
vn 0.4022 -0.8439 0.3549
vn 0.4174 -0.8112 0.4095
vn 0.5348 -0.8179 0.2122
vn 0.5348 -0.8179 0.2123
vn 0.5745 -0.8185 -0.0078
vn 0.4417 -0.7809 0.4417
vn 0.2370 -0.7819 0.5766
vn 0.5766 -0.7819 0.2369
vn 0.6237 -0.7817 -0.0000
vn 0.5291 -0.6634 0.5291
vn 0.5291 -0.6634 0.5290
vn 0.5766 -0.7819 0.2370
vn 0.6936 -0.6621 0.2837
vn 0.6237 -0.7816 -0.0000
vn 0.5767 -0.7819 0.2369
vn 0.7491 -0.6624 -0.0000
vn 0.2371 -0.7819 0.5766
vn 0.2837 -0.6621 0.6936
vn -0.0000 -0.7816 0.6237
vn -0.0000 -0.6625 0.7491
vn -0.2837 -0.6621 0.6936
vn -0.0001 -0.6625 0.7491
vn -0.0001 -0.7816 0.6238
vn -0.2838 -0.6621 0.6936
vn -0.3641 -0.4908 -0.7915
vn -0.2443 -0.9142 -0.3232
vn -0.6455 -0.6062 -0.4645
vn -0.2443 -0.9142 -0.3234
vn -0.3641 -0.4909 -0.7915
vn 0.1262 -0.9781 -0.1657
vn -0.2443 -0.9143 -0.3232
vn -0.0867 -0.8591 -0.5043
vn 0.3998 -0.8937 0.2037
vn 0.1264 -0.9781 -0.1655
vn 0.1265 -0.9781 -0.1655
vn 0.5114 -0.8576 0.0550
vn -0.2125 -0.9680 0.1338
vn -0.2765 -0.6952 0.6635
vn -0.5839 -0.7262 0.3630
vn -0.2125 -0.9679 0.1338
vn -0.0474 -0.9530 0.2993
vn 0.0946 -0.9940 -0.0551
vn -0.0473 -0.9530 0.2992
vn -0.2124 -0.9680 0.1338
vn 0.0946 -0.9940 -0.0552
vn 0.1489 -0.9886 -0.0235
vn 0.0947 -0.9940 -0.0553
vn 0.3538 -0.8414 -0.4086
vn 0.4651 -0.8358 -0.2917
vn -0.0000 -0.7816 -0.6238
vn -0.0000 -0.6625 -0.7491
vn -0.2836 -0.6621 -0.6936
vn -0.2370 -0.7819 -0.5766
vn -0.5291 -0.6634 -0.5291
vn 0.2370 -0.7819 -0.5766
vn 0.2371 -0.7819 -0.5766
vn -0.0000 -0.8283 -0.5603
vn -0.2371 -0.7819 -0.5766
vn -0.4417 -0.7809 -0.4417
vn 0.4417 -0.7809 -0.4417
vn 0.5766 -0.7819 -0.2370
vn 0.6936 -0.6621 -0.2837
vn 0.7490 -0.6625 -0.0000
vn 0.7491 -0.6625 -0.0000
vn 0.6237 -0.7816 -0.0001
vn 0.5745 -0.8185 -0.0079
vn 0.2127 -0.8273 -0.5200
vn 0.3938 -0.8268 -0.4016
vn 0.3937 -0.8268 -0.4017
vn 0.5216 -0.8218 -0.2292
vn 0.5688 -0.8215 -0.0396
vn 0.5687 -0.8216 -0.0397
vn 0.5266 -0.8096 -0.2594
vn 0.3937 -0.8269 -0.4016
vn 0.4013 -0.8029 -0.4408
vn 0.4014 -0.8029 -0.4408
vn 0.5266 -0.8096 -0.2593
vn 0.7665 -0.5295 -0.3635
vn 0.2123 -0.8020 -0.5583
vn 0.7665 -0.5296 -0.3635
vn 0.3152 -0.5045 -0.8038
vn 0.2124 -0.8020 -0.5583
vn -0.0000 -0.8019 -0.5975
vn 0.3152 -0.5046 -0.8037
vn -0.0000 -0.4971 -0.8677
vn 0.3152 -0.5046 -0.8038
vn -0.3152 -0.5044 -0.8039
vn -0.2123 -0.8020 -0.5583
vn 0.6005 -0.7986 0.0395
vn 0.0947 -0.9864 -0.1341
vn 0.4648 -0.8114 -0.3544
vn 0.0949 -0.9864 -0.1341
vn 0.6006 -0.7986 0.0395
vn 0.1652 -0.9825 0.0864
vn 0.1651 -0.9825 0.0864
vn -0.2199 -0.9744 0.0471
vn -0.2198 -0.9744 0.0471
vn 0.1650 -0.9825 0.0864
vn -0.6359 -0.7615 0.1256
vn -0.2201 -0.9743 0.0472
vn -0.2200 -0.9743 0.0472
vn -0.6358 -0.7615 0.1256
vn -0.5764 -0.7661 0.2842
vn -0.3063 -0.9346 0.1807
vn -0.2448 -0.7738 0.5842
vn -0.3315 -0.9314 0.1502
vn -0.0237 -0.8641 0.5027
vn -0.5831 -0.5123 -0.6305
vn -0.2128 -0.8273 -0.5200
vn -0.2128 -0.8272 -0.5200
vn -0.4013 -0.8029 -0.4408
vn -0.4014 -0.8028 -0.4409
vn -0.3937 -0.8268 -0.4017
vn -0.4014 -0.8028 -0.4408
vn -0.3937 -0.8268 -0.4016
vn -0.5216 -0.8218 -0.2292
vn -0.3938 -0.8268 -0.4016
vn -0.5265 -0.8096 -0.2594
vn -0.3937 -0.8269 -0.4016
vn -0.5266 -0.8096 -0.2594
vn -0.5216 -0.8219 -0.2292
vn -0.7665 -0.5295 -0.3635
vn -0.4015 -0.8028 -0.4408
vn -0.5766 -0.7819 -0.2370
vn -0.6936 -0.6621 -0.2837
vn -0.6238 -0.7816 -0.0000
vn -0.6936 -0.6622 -0.2836
vn -0.6238 -0.7816 -0.0001
vn -0.7491 -0.6625 -0.0000
vn -0.6238 -0.7816 0.0001
vn -0.6936 -0.6621 0.2837
vn -0.5766 -0.7819 -0.2369
vn -0.5745 -0.8185 -0.0078
vn -0.5766 -0.7819 0.2369
vn -0.5745 -0.8185 -0.0076
vn -0.5291 -0.6634 0.5291
vn -0.5745 -0.8185 -0.0077
vn -0.5348 -0.8179 0.2123
vn -0.4417 -0.7809 0.4417
vn -0.2371 -0.7819 0.5766
vn -0.2370 -0.7819 0.5766
vn -0.4174 -0.8112 0.4095
vn -0.8311 -0.5541 -0.0475
vn -0.5266 -0.8096 -0.2593
vn -0.5348 -0.8179 0.2122
vn -0.5263 -0.8326 0.1727
vn -0.5263 -0.8326 0.1728
vn -0.7659 -0.5843 0.2684
vn -0.4024 -0.8439 0.3549
vn -0.7659 -0.5843 0.2683
vn -0.4023 -0.8439 0.3549
vn -0.4023 -0.8439 0.3550
vn -0.5841 -0.6157 0.5288
vn 0.1805 -0.7300 -0.6591
vn 0.4645 -0.8115 -0.3545
vn 0.0947 -0.9864 -0.1342
vn 0.0948 -0.9864 -0.1342
vn -0.0706 -0.9494 -0.3060
vn 0.1805 -0.7300 -0.6592
vn 0.0946 -0.9864 -0.1342
vn -0.2200 -0.9744 0.0470
vn -0.2200 -0.9744 0.0471
vn -0.2902 -0.9568 0.0157
vn -0.4728 -0.7801 0.4097
vn -0.2902 -0.9568 0.0158
vn -0.2200 -0.9744 0.0472
vn -0.5764 -0.7661 0.2843
vn -0.0000 -0.8976 -0.4409
vn -0.6070 -0.6386 -0.4730
vn -0.3231 -0.5359 -0.7800
vn -0.7181 -0.6948 -0.0395
vn -0.5840 -0.7262 0.3628
vn -0.7182 -0.6947 -0.0395
vn -0.2841 -0.9549 -0.0868
vn 0.0945 -0.9940 -0.0552
vn -0.2125 -0.9680 0.1337
vn 0.0863 -0.9893 -0.1177
vn 0.5300 -0.8385 -0.1266
vn 0.0948 -0.9940 -0.0553
vn 0.0864 -0.9893 -0.1178
vn 0.0948 -0.9940 -0.0552
vn 0.4652 -0.8358 -0.2917
vn 0.2985 -0.5422 0.7854
vn 0.1265 -0.9402 0.3161
vn 0.5501 -0.6996 0.4560
vn 0.1264 -0.9403 0.3161
vn 0.2985 -0.5422 0.7855
vn -0.0236 -0.8641 0.5028
vn -0.0236 -0.8641 0.5027
vn -0.2518 -0.9522 0.1732
vn 0.1262 -0.9403 0.3161
vn -0.3064 -0.9346 0.1806
vn -0.2520 -0.9521 0.1730
vn -0.6277 -0.7771 -0.0471
vn -0.2045 -0.5824 -0.7868
vn -0.0706 -0.9494 -0.3061
vn -0.2984 -0.8801 -0.3693
vn -0.2045 -0.5824 -0.7867
vn -0.2986 -0.8801 -0.3691
vn -0.0708 -0.9494 -0.3060
vn -0.2902 -0.9568 0.0156
vn -0.3395 -0.9398 0.0394
vn -0.3078 -0.8208 0.4811
vn 0.5575 -0.5338 0.6358
vn 0.5114 -0.8576 0.0551
vn -0.6455 -0.6063 -0.4645
vn -0.2842 -0.9548 -0.0869
vn -0.7183 -0.6946 -0.0397
vn -0.2841 -0.9548 -0.0869
vn -0.2443 -0.9143 -0.3231
vn -0.2442 -0.9143 -0.3231
vn 0.0861 -0.9893 -0.1178
vn -0.2840 -0.9549 -0.0869
vn 0.0863 -0.9893 -0.1178
vn 0.1262 -0.9781 -0.1656
vn 0.1263 -0.9781 -0.1656
vn 0.5113 -0.8577 0.0550
vn -0.6959 -0.7039 -0.1423
vn -0.5282 -0.7884 -0.3152
vn -0.3622 -0.9288 0.0787
vn -0.3545 -0.9294 0.1024
vn -0.4809 -0.6938 0.5361
vn -0.3315 -0.9314 0.1501
vn -0.3315 -0.9314 0.1500
vn -0.3393 -0.9310 0.1343
vn -0.3393 -0.9311 0.1341
vn -0.3547 -0.8909 -0.2836
vn -0.3315 -0.9315 0.1499
vn -0.3548 -0.8909 -0.2837
vn -0.3393 -0.9311 0.1340
vn -0.1501 -0.9558 -0.2528
vn 0.1574 -0.7329 -0.6619
vn -0.3547 -0.8909 -0.2838
vn -0.3547 -0.8908 -0.2839
vn 0.1575 -0.7329 -0.6619
vn -0.2519 -0.6142 -0.7479
vn 0.5770 -0.7352 -0.3557
vn 0.6499 -0.7520 -0.1097
vn 0.2130 -0.9689 -0.1261
vn 0.2129 -0.9689 -0.1261
vn 0.2054 -0.9705 -0.1263
vn 0.2125 -0.9690 -0.1260
vn -0.2039 -0.9728 -0.1098
vn 0.2050 -0.9706 -0.1262
vn 0.2049 -0.9706 -0.1262
vn -0.5959 -0.7135 0.3685
vn -0.3470 -0.9304 0.1183
vn -0.6783 -0.6390 0.3628
vn -0.3397 -0.9320 0.1264
vn 0.0785 -0.9908 0.1101
vn -0.3395 -0.9321 0.1264
vn -0.3468 -0.9304 0.1182
vn -0.3394 -0.9321 0.1264
vn 0.0158 -0.9946 -0.1024
vn 0.2051 -0.9695 -0.1340
vn 0.3861 -0.7565 -0.5278
vn 0.2053 -0.9705 -0.1264
vn -0.3393 -0.9310 0.1342
vn -0.6782 -0.6390 0.3628
vn -0.3394 -0.9310 0.1342
vn -0.4809 -0.6940 0.5359
vn -0.3396 -0.9321 0.1263
vn -0.1501 -0.9559 -0.2526
vn 0.0157 -0.9946 -0.1026
vn 0.4983 -0.7832 -0.3718
vn 0.0158 -0.9946 -0.1027
vn 0.1576 -0.7330 -0.6617
vn -0.9019 -0.2117 -0.3765
vn -0.6354 -0.4391 -0.6352
vn -0.8276 -0.4413 -0.3468
vn -0.6858 0.2443 0.6855
vn -0.8966 0.2437 0.3697
vn -0.9221 -0.0237 0.3862
vn -0.8966 0.2438 0.3697
vn -0.9997 -0.0236 -0.0000
vn -0.6857 0.2444 0.6856
vn -0.5928 0.5452 0.5927
vn -0.9697 0.2444 -0.0000
vn -0.5928 0.5453 0.5927
vn -0.7768 0.5413 0.3218
vn -0.7768 0.5414 0.3217
vn -0.8404 0.5419 -0.0000
vn -0.6298 0.7321 0.2597
vn -0.6832 0.7302 -0.0000
vn -0.6299 0.7320 -0.2597
vn -0.8404 0.5420 -0.0000
vn -0.7768 0.5414 -0.3216
vn -0.7768 0.5414 -0.3217
vn -0.8966 0.2438 -0.3697
vn -0.5928 0.5453 -0.5927
vn -0.7768 0.5414 -0.3218
vn -0.9697 0.2444 -0.0001
vn -0.9221 -0.0237 -0.3862
vn -0.9019 -0.2117 -0.3764
vn -0.5928 0.5452 -0.5927
vn -0.6858 0.2443 -0.6856
vn -0.6858 0.2442 -0.6856
vn -0.8965 0.2438 -0.3698
vn -0.6857 0.2443 -0.6856
vn -0.7070 -0.0236 -0.7068
vn -0.9221 -0.0237 -0.3863
vn -0.6912 -0.2120 -0.6909
vn -0.7071 -0.0236 -0.7067
vn -0.6912 -0.2120 -0.6908
vn -0.6353 -0.4392 -0.6352
vn -0.5293 -0.6632 -0.5291
vn -0.8276 -0.4414 -0.3468
vn -0.5292 -0.6633 -0.5291
vn -0.6936 -0.6621 -0.2838
vn -0.6353 -0.4392 0.6352
vn -0.8276 -0.4414 0.3468
vn -0.5293 -0.6632 0.5291
vn -0.6936 -0.6621 0.2838
vn -0.8975 -0.4410 0.0002
vn -0.6938 -0.6620 0.2837
vn -0.6937 -0.6620 0.2837
vn -0.8974 -0.4411 0.0002
vn -0.7491 -0.6624 -0.0000
vn -0.8975 -0.4409 -0.0000
vn -0.6937 -0.6621 -0.2837
vn -0.7492 -0.6624 -0.0000
vn -0.6938 -0.6620 -0.2837
vn -0.9019 -0.2117 0.3764
vn -0.6354 -0.4392 0.6352
vn -0.6912 -0.2120 0.6909
vn -0.6354 -0.4391 0.6352
vn -0.9019 -0.2117 0.3765
vn -0.9221 -0.0237 0.3863
vn -0.7070 -0.0236 0.7068
vn -0.6912 -0.2120 0.6908
vn -0.6857 0.2443 0.6856
vn -0.9771 -0.2128 -0.0000
vn -0.8276 -0.4413 0.3468
vn -0.9020 -0.2117 0.3764
vn -0.8976 -0.4409 -0.0000
vn -0.8277 -0.4412 -0.3467
vn -0.8976 -0.4408 -0.0000
vn -0.9020 -0.2117 -0.3764
vn -0.8277 -0.4413 -0.3468
vn -0.6960 -0.7038 -0.1423
vn -0.9861 -0.1500 0.0709
vn -0.8949 -0.2512 -0.3689
vn -0.9861 -0.1499 0.0710
vn -0.7558 -0.6455 0.1102
vn -0.7061 -0.7060 -0.0550
vn -0.6071 -0.6385 -0.4730
vn -0.7061 -0.7060 -0.0549
vn -0.9846 -0.1733 0.0236
vn -0.7927 0.5965 -0.1256
vn -0.8668 0.2601 -0.4255
vn -0.7242 0.5431 -0.4250
vn -0.6579 0.2193 -0.7204
vn -0.7241 0.5431 -0.4251
vn -0.8668 0.2600 -0.4255
vn -0.7241 0.5432 -0.4249
vn -0.7383 0.6519 -0.1728
vn -0.6579 0.2193 -0.7205
vn -0.7383 0.6519 -0.1729
vn -0.7241 0.5431 -0.4250
vn -0.6594 0.6043 -0.4472
vn -0.6593 0.6043 -0.4474
vn -0.6593 0.6043 -0.4473
vn -0.4890 0.5677 -0.6623
vn -0.7384 0.6519 -0.1727
vn -0.7411 0.6465 0.1812
vn -0.8800 0.3693 0.2985
vn -0.7411 0.6465 0.1811
vn -0.7022 0.7021 0.1183
vn -0.7411 0.6465 0.1813
vn -0.6771 0.4173 0.6061
vn -0.8800 0.3694 0.2986
vn -0.5841 -0.6159 0.5288
vn -0.8800 0.3693 0.2986
vn -0.6771 0.4174 0.6060
vn -0.7411 0.6465 0.1814
vn -0.5682 0.6943 0.4418
vn -0.8675 -0.1261 -0.4811
vn -0.5434 0.4961 -0.6772
vn -0.5273 -0.0000 -0.8497
vn -0.8515 0.3785 -0.3629
vn -0.4164 0.8560 -0.3063
vn -0.8516 0.3785 -0.3627
vn -0.5908 0.7956 -0.1339
vn -0.4163 0.8561 -0.3063
vn -0.3861 0.7564 0.5280
vn -0.8188 0.2598 0.5119
vn -0.4866 0.2904 0.8239
vn -0.8189 0.2599 0.5118
vn -0.5771 0.7351 0.3557
vn -0.8333 -0.2753 0.4794
vn -0.5765 -0.7660 0.2843
vn -0.8333 -0.2752 0.4795
vn -0.9617 -0.2601 0.0867
vn -0.5832 -0.5123 -0.6305
vn -0.7665 -0.5295 -0.3634
vn -0.7665 -0.5295 -0.3636
vn -0.9468 0.3155 -0.0631
vn -0.8311 -0.5541 -0.0474
vn -0.9468 0.3156 -0.0631
vn -0.8668 0.2599 -0.4255
vn -0.8801 0.3693 0.2986
vn -0.5840 -0.6158 0.5288
vn -0.7927 0.5965 -0.1258
vn -0.9468 0.3156 -0.0632
vn -0.5272 -0.0000 -0.8497
vn -0.6070 -0.6386 -0.4731
vn -0.3231 -0.5358 -0.7801
vn -0.9753 -0.2203 0.0159
vn -0.5841 -0.7260 0.3630
vn -0.8206 -0.2525 0.5127
vn -0.9753 -0.2202 0.0159
vn -0.7183 -0.6946 -0.0394
vn -0.9539 0.2917 0.0710
vn -0.9539 0.2917 0.0711
vn -0.8189 0.2598 0.5118
vn -0.5772 0.7351 0.3557
vn -0.6501 0.7519 0.1097
vn -0.6293 -0.4562 -0.6292
vn -0.6278 -0.7769 -0.0471
vn -0.6278 -0.7769 -0.0472
vn -0.8897 -0.3229 -0.3228
vn -0.8479 0.2275 -0.4789
vn -0.8897 -0.3228 -0.3228
vn -0.8478 0.2275 -0.4790
vn -0.5259 0.0707 -0.8476
vn -0.8361 -0.1735 0.5205
vn -0.7061 -0.7060 -0.0548
vn -0.8676 -0.1262 -0.4810
vn -0.7183 -0.6946 -0.0395
vn -0.9753 -0.2202 0.0157
vn -0.8676 -0.1263 -0.4810
vn -0.6456 -0.6062 -0.4645
vn -0.8517 0.3783 -0.3627
vn -0.8517 0.3784 -0.3627
vn -0.9539 0.2917 0.0708
vn -0.5909 0.7956 -0.1339
vn -0.9539 0.2917 0.0709
vn -0.6501 0.7519 0.1096
vn -0.8516 0.3785 -0.3626
vn -0.9616 -0.2603 0.0867
vn -0.6359 -0.7615 0.1255
vn -0.8897 -0.3228 -0.3227
vn -0.9538 0.2995 0.0236
vn -0.8479 0.2276 -0.4789
vn -0.5339 -0.3141 0.7850
vn -0.8332 -0.2752 0.4796
vn -0.5766 -0.7660 0.2843
vn -0.5339 -0.3142 0.7850
vn -0.8482 -0.1414 0.5105
vn -0.4809 -0.6937 0.5362
vn -0.5192 -0.2202 0.8258
vn -0.6783 -0.6389 0.3629
vn -0.9217 0.3781 0.0867
vn -0.7945 0.3618 0.4877
vn -0.8361 -0.1734 0.5205
vn -0.9846 -0.1731 0.0236
vn -0.8130 0.2605 0.5208
vn -0.9538 0.2995 0.0237
vn -0.8333 -0.2751 0.4795
vn -0.8949 -0.2511 -0.3689
vn -0.9353 0.3536 0.0157
vn -0.8425 0.2441 -0.4802
vn -0.9353 0.3535 0.0157
vn -0.9862 -0.1499 0.0710
vn -0.6008 0.7984 -0.0395
vn -0.9353 0.3536 0.0156
vn -0.6008 0.7984 -0.0396
vn -0.6082 -0.4107 -0.6793
vn -0.8424 0.2441 -0.4804
vn -0.5201 0.0709 -0.8511
vn -0.8424 0.2441 -0.4803
vn -0.8948 -0.2511 -0.3691
vn -0.6960 -0.7038 -0.1425
vn -0.6083 -0.4107 -0.6792
vn -0.5300 0.8385 0.1266
vn -0.4652 0.8358 0.2917
vn -0.7945 0.3619 0.4876
vn -0.9217 0.3782 0.0867
vn -0.4879 0.3778 0.7869
vn -0.7945 0.3619 0.4877
vn -0.4651 0.8358 0.2917
vn -0.3538 0.8412 0.4088
vn -0.7771 0.3687 0.5101
vn -0.9352 0.3537 0.0158
vn -0.9861 -0.1499 0.0711
vn -0.4648 0.8114 0.3545
vn -0.9352 0.3538 0.0158
vn -0.7771 0.3689 0.5100
vn -0.7771 0.3688 0.5100
vn -0.9861 -0.1499 0.0712
vn -0.8482 -0.1414 0.5104
vn -0.6784 -0.6388 0.3628
vn -0.6785 -0.6388 0.3628
vn -0.7559 -0.6453 0.1102
vn -0.8345 0.4408 -0.3306
vn -0.9846 -0.1732 0.0236
vn -0.8711 -0.1097 -0.4787
vn -0.9217 0.3781 0.0866
vn -0.8711 -0.1098 -0.4787
vn -0.8345 0.4407 -0.3307
vn -0.8345 0.4409 -0.3305
vn -0.5300 0.8385 0.1265
vn -0.9217 0.3782 0.0866
vn -0.5114 0.8576 -0.0551
vn -0.5576 0.5338 -0.6357
vn -0.5114 0.8576 -0.0552
vn -0.8344 0.4409 -0.3306
vn -0.5913 0.8040 -0.0631
vn -0.8478 0.2277 -0.4789
vn -0.4984 0.7832 0.3718
vn -0.8129 0.2605 0.5209
vn -0.5912 0.8040 -0.0631
vn -0.9538 0.2996 0.0237
vn -0.5258 0.0708 -0.8477
vn -0.3697 0.2438 0.8966
vn -0.5927 0.5452 0.5929
vn -0.6856 0.2443 0.6857
vn -0.5927 0.5453 0.5928
vn -0.3697 0.2439 0.8966
vn -0.3218 0.5414 0.7768
vn -0.0001 0.2444 0.9697
vn -0.3217 0.5414 0.7768
vn -0.0000 0.2444 0.9697
vn -0.0000 0.5419 0.8404
vn -0.0000 0.5420 0.8404
vn -0.2597 0.7321 0.6298
vn 0.3217 0.5414 0.7768
vn -0.0000 0.5419 0.8405
vn 0.0001 0.2444 0.9697
vn 0.3697 0.2438 0.8966
vn 0.5927 0.5453 0.5928
vn 0.2596 0.7321 0.6298
vn -0.0000 0.7302 0.6832
vn 0.6352 -0.4392 0.6353
vn 0.3468 -0.4414 0.8276
vn 0.5291 -0.6634 0.5292
vn 0.2838 -0.6621 0.6936
vn -0.0000 -0.4410 0.8975
vn 0.2836 -0.6620 0.6938
vn 0.2837 -0.6621 0.6937
vn -0.0000 -0.6624 0.7492
vn -0.0000 -0.4409 0.8976
vn -0.3468 -0.4414 0.8276
vn -0.5290 -0.6634 0.5292
vn -0.6352 -0.4392 0.6353
vn 0.6856 0.2443 0.6858
vn 0.3862 -0.0237 0.9221
vn 0.7067 -0.0236 0.7071
vn 0.6910 -0.2120 0.6911
vn 0.6856 0.2443 0.6857
vn 0.3861 -0.0237 0.9221
vn 0.6909 -0.2120 0.6912
vn 0.3765 -0.2117 0.9019
vn 0.3764 -0.2117 0.9019
vn 0.6353 -0.4390 0.6354
vn 0.6353 -0.4391 0.6353
vn 0.3469 -0.4414 0.8276
vn 0.0001 -0.0236 0.9997
vn 0.3763 -0.2117 0.9020
vn 0.3860 -0.0237 0.9222
vn -0.0000 -0.0236 0.9997
vn 0.0002 -0.2127 0.9771
vn 0.0002 -0.0236 0.9997
vn 0.0001 -0.2127 0.9771
vn 0.3468 -0.4413 0.8277
vn -0.0000 -0.2127 0.9771
vn -0.3468 -0.4413 0.8277
vn -0.0000 -0.4408 0.8976
vn -0.3467 -0.4413 0.8277
vn -0.0002 -0.2127 0.9771
vn -0.3764 -0.2117 0.9020
vn -0.0002 -0.0236 0.9997
vn -0.3764 -0.2117 0.9019
vn -0.3765 -0.2117 0.9019
vn -0.3468 -0.4412 0.8277
vn -0.0000 0.2443 0.9697
vn -0.6908 -0.2120 0.6912
vn -0.3763 -0.2117 0.9020
vn -0.0001 -0.0236 0.9997
vn -0.3862 -0.0237 0.9221
vn -0.6909 -0.2120 0.6911
vn -0.3766 -0.2117 0.9019
vn -0.7068 -0.0236 0.7070
vn -0.6857 0.2443 0.6857
vn -0.6857 0.2442 0.6857
vn -0.7069 -0.0236 0.7070
vn -0.0000 -0.6832 0.7303
vn -0.2131 -0.6869 0.6948
vn -0.0000 -0.9980 0.0625
vn 0.2131 -0.6869 0.6948
vn -0.0000 -0.9980 0.0627
vn 0.8478 -0.2277 0.4789
vn 0.5259 -0.0710 0.8476
vn 0.1572 -0.6368 0.7548
vn 0.5271 -0.0000 0.8498
vn 0.5574 -0.5338 0.6359
vn 0.5271 -0.0001 0.8498
vn 0.0474 -0.1025 0.9936
vn -0.2663 -0.6970 0.6658
vn 0.0473 -0.1026 0.9936
vn 0.1572 -0.6367 0.7549
vn 0.0473 -0.1027 0.9936
vn -0.4567 -0.1654 0.8741
vn -0.3639 0.4509 0.8150
vn -0.5841 -0.6158 0.5288
vn -0.6771 0.4172 0.6062
vn -0.0001 0.7341 0.6790
vn -0.3638 0.4510 0.8150
vn -0.3076 0.7258 0.6153
vn -0.3639 0.4510 0.8150
vn -0.3153 -0.6306 0.7092
vn -0.0001 0.7342 0.6790
vn -0.0000 0.4629 0.8864
vn -0.0000 0.4627 0.8865
vn -0.3152 -0.6306 0.7092
vn -0.0000 0.4628 0.8865
vn 0.0002 0.7342 0.6790
vn 0.3639 0.4510 0.8150
vn 0.3076 0.7258 0.6153
vn -0.0000 0.7342 0.6790
vn -0.0000 -0.6412 0.7674
vn 0.6771 0.4172 0.6062
vn 0.5843 -0.6157 0.5286
vn 0.3152 -0.6305 0.7093
vn 0.3639 0.4509 0.8150
vn 0.5843 -0.6157 0.5287
vn -0.2765 -0.6951 0.6636
vn -0.4489 -0.2205 0.8659
vn -0.8205 -0.2524 0.5129
vn -0.5840 -0.7260 0.3632
vn -0.4489 -0.2204 0.8660
vn -0.8189 0.2597 0.5118
vn -0.8189 0.2597 0.5119
vn -0.4866 0.2903 0.8240
vn 0.2985 -0.5420 0.7856
vn 0.0630 0.1180 0.9910
vn -0.0947 -0.3711 0.9237
vn -0.0947 -0.3713 0.9237
vn -0.0235 -0.8641 0.5028
vn 0.2984 -0.5420 0.7856
vn -0.2447 -0.7737 0.5843
vn 0.0630 0.1179 0.9910
vn 0.5200 -0.0709 0.8512
vn 0.2046 0.5822 0.7869
vn 0.6049 0.4085 0.6835
vn -0.3077 -0.8207 0.4814
vn 0.2432 -0.5807 0.7769
vn -0.1263 -0.8840 0.4500
vn -0.1336 -0.4243 0.8956
vn -0.1335 -0.4243 0.8956
vn 0.0630 0.1023 0.9928
vn 0.2432 -0.5806 0.7770
vn 0.5257 -0.0707 0.8477
vn 0.2432 -0.5807 0.7770
vn 0.0630 0.1024 0.9928
vn 0.5503 -0.6995 0.4559
vn 0.5201 -0.0710 0.8511
vn 0.2986 -0.5420 0.7855
vn 0.5201 -0.0711 0.8511
vn 0.5504 -0.6995 0.4559
vn 0.8424 -0.2441 0.4804
vn -0.5337 -0.3142 0.7851
vn -0.4728 -0.7801 0.4098
vn -0.5338 -0.3142 0.7851
vn 0.0630 0.1026 0.9927
vn -0.1576 0.7327 0.6620
vn 0.2519 0.6140 0.7480
vn -0.4323 0.2281 0.8724
vn -0.1576 0.7328 0.6619
vn -0.8360 -0.1736 0.5206
vn -0.5959 -0.7135 0.3686
vn -0.4567 -0.1655 0.8741
vn -0.8360 -0.1735 0.5206
vn -0.8129 0.2603 0.5210
vn -0.5339 -0.3140 0.7851
vn -0.8129 0.2604 0.5210
vn -0.4323 0.2279 0.8724
vn -0.8481 -0.1414 0.5105
vn -0.4108 0.2764 0.8688
vn -0.7769 0.3689 0.5102
vn -0.4647 0.8114 0.3545
vn -0.4323 0.2278 0.8725
vn -0.1336 -0.4241 0.8957
vn -0.1336 -0.4242 0.8957
vn 0.0630 0.1024 0.9927
vn -0.0785 0.4395 0.8948
vn -0.4567 -0.1653 0.8741
vn -0.4879 0.3776 0.7870
vn 0.0473 -0.1025 0.9936
vn -0.0949 -0.3710 0.9238
vn -0.4107 0.2762 0.8689
vn -0.5190 -0.2203 0.8259
vn -0.4107 0.2763 0.8689
vn -0.0948 -0.3710 0.9238
vn 0.0629 0.1180 0.9910
vn -0.0948 -0.3711 0.9237
vn -0.5191 -0.2204 0.8258
vn -0.2448 -0.7737 0.5844
vn -0.0948 -0.3712 0.9237
vn -0.1805 0.7299 0.6593
vn 0.2045 0.5822 0.7869
vn 0.0629 0.1181 0.9910
vn -0.4106 0.2765 0.8689
vn -0.4879 0.3777 0.7869
vn -0.4568 -0.1653 0.8741
vn 0.6456 0.6062 0.4645
vn 0.5273 -0.0000 0.8497
vn 0.8675 0.1262 0.4812
vn 0.3642 0.4908 0.7915
vn 0.3231 0.5358 0.7801
vn 0.0473 -0.1024 0.9936
vn -0.0784 0.4395 0.8948
vn -0.1805 0.8635 0.4710
vn 0.3230 0.5358 0.7801
vn -0.0785 0.4397 0.8947
vn -0.0000 0.8975 0.4409
vn -0.4323 0.2283 0.8724
vn 0.1343 -0.6083 0.7823
vn 0.0471 -0.1259 0.9909
vn 0.0470 -0.1258 0.9909
vn -0.4487 -0.2204 0.8661
vn -0.4486 -0.2204 0.8661
vn 0.0471 -0.1258 0.9909
vn -0.0471 0.3764 0.9253
vn -0.0472 0.3763 0.9253
vn -0.4864 0.2904 0.8241
vn -0.0471 0.3764 0.9252
vn -0.0472 0.3764 0.9253
vn -0.1414 0.8013 0.5813
vn 0.6070 0.6386 0.4730
vn 0.8710 0.1099 0.4789
vn 0.1345 -0.6084 0.7822
vn 0.5433 -0.4961 0.6773
vn 0.0472 -0.1259 0.9909
vn 0.1344 -0.6084 0.7822
vn 0.0473 -0.1258 0.9909
vn 0.5271 0.0001 0.8498
vn 0.3641 0.4907 0.7916
vn -0.0470 0.3764 0.9253
vn 0.0472 -0.1258 0.9909
vn 0.3639 0.4908 0.7916
vn 0.0867 0.8590 0.5046
vn -0.1411 0.8013 0.5814
vn -0.0470 0.3764 0.9252
vn -0.4108 0.2766 0.8688
vn 0.2520 0.6141 0.7479
vn 0.5258 -0.0705 0.8477
vn 0.2520 0.6140 0.7480
vn 0.6292 0.4562 0.6293
vn -0.3538 0.8412 0.4089
vn -0.4879 0.3779 0.7869
vn -0.0786 0.4396 0.8948
vn -0.4809 0.7331 0.4809
vn -0.5926 0.5454 0.5927
vn -0.5927 0.5454 0.5927
vn -0.4810 0.7331 0.4809
vn -0.4809 0.7331 0.4810
vn -0.2598 0.7321 0.6297
vn -0.6297 0.7321 0.2598
vn 0.5926 0.5454 0.5927
vn 0.4809 0.7331 0.4809
vn 0.2598 0.7321 0.6297
vn 0.2049 0.8434 0.4966
vn -0.0000 0.7303 0.6831
vn 0.3788 0.8444 0.3788
vn 0.6297 0.7321 0.2598
vn -0.0000 0.7303 0.6832
vn -0.0000 0.8440 0.5364
vn 0.4966 0.8434 0.2049
vn 0.5364 0.8440 -0.0000
vn 0.1423 0.9325 0.3319
vn 0.2049 0.8435 0.4966
vn 0.2532 0.9337 0.2532
vn 0.3319 0.9325 0.1422
vn 0.4965 0.8435 0.2049
vn 0.3632 0.9317 -0.0000
vn 0.1886 0.9821 -0.0000
vn 0.1729 0.9824 0.0707
vn -0.0000 1.0000 -0.0000
vn 0.1336 0.9820 0.1336
vn 0.0707 0.9824 0.1729
vn -0.0000 0.9821 0.1885
vn -0.0000 0.9317 0.3632
vn -0.1422 0.9325 0.3319
vn -0.1422 0.9325 0.3320
vn -0.0707 0.9824 0.1729
vn -0.2050 0.8434 0.4966
vn -0.3788 0.8443 0.3789
vn -0.3788 0.8444 0.3788
vn -0.2532 0.9337 0.2532
vn -0.1336 0.9820 0.1336
vn -0.3319 0.9325 0.1423
vn -0.4966 0.8434 0.2049
vn -0.4966 0.8434 0.2050
vn -0.1729 0.9824 0.0707
vn -0.6831 0.7303 -0.0000
vn -0.5364 0.8440 -0.0000
vn -0.4966 0.8435 0.2049
vn -0.3632 0.9317 -0.0000
vn -0.1885 0.9821 -0.0000
vn -0.3320 0.9325 -0.1422
vn -0.3319 0.9325 -0.1422
vn -0.4966 0.8434 -0.2049
vn -0.1729 0.9824 -0.0707
vn -0.1336 0.9820 -0.1336
vn -0.6297 0.7321 -0.2598
vn -0.3788 0.8444 -0.3788
vn -0.4966 0.8434 -0.2050
vn -0.4809 0.7331 -0.4809
vn -0.5927 0.5454 -0.5926
vn -0.5927 0.5453 -0.5927
vn -0.6297 0.7321 -0.2600
vn -0.4810 0.7331 -0.4809
vn -0.5927 0.5454 -0.5927
vn -0.4809 0.7331 -0.4810
vn -0.2598 0.7321 -0.6297
vn -0.3788 0.8444 -0.3789
vn -0.2050 0.8434 -0.4966
vn -0.0000 0.7303 -0.6831
vn -0.1422 0.9325 -0.3319
vn -0.0000 0.8440 -0.5364
vn 0.2049 0.8434 -0.4967
vn 0.0001 0.8440 -0.5364
vn 0.2049 0.8434 -0.4966
vn 0.2598 0.7321 -0.6297
vn 0.1422 0.9325 -0.3319
vn 0.2049 0.8435 -0.4966
vn 0.3788 0.8444 -0.3788
vn 0.2050 0.8434 -0.4966
vn 0.1422 0.9325 -0.3321
vn -0.0000 0.9317 -0.3632
vn -0.1422 0.9325 -0.3320
vn -0.0000 0.9821 -0.1885
vn 0.4809 0.7331 -0.4809
vn 0.5927 0.5453 -0.5927
vn 0.6297 0.7321 -0.2598
vn 0.4810 0.7331 -0.4809
vn 0.7768 0.5414 -0.3217
vn 0.6297 0.7321 -0.2599
vn 0.6831 0.7303 -0.0000
vn 0.4966 0.8434 -0.2049
vn 0.3319 0.9325 -0.1422
vn 0.2532 0.9337 -0.2532
vn 0.4966 0.8435 -0.2049
vn 0.4965 0.8435 -0.2049
vn 0.1729 0.9824 -0.0707
vn 0.1335 0.9820 -0.1335
vn 0.0707 0.9824 -0.1729
vn -0.0707 0.9824 -0.1729
vn -0.2532 0.9337 -0.2532
vn 0.7768 0.5414 0.3217
vn 0.4810 0.7331 0.4809
vn 0.5927 0.5453 0.5927
vn 0.6297 0.7321 0.2599
vn -0.7021 0.7021 0.1186
vn -0.5681 0.6943 0.4418
vn -0.5527 0.7422 0.3790
vn -0.3640 0.4510 0.8149
vn -0.6769 0.4175 0.6062
vn -0.3077 0.7258 0.6153
vn -0.3080 0.7742 0.5530
vn -0.0000 0.7342 0.6789
vn -0.0001 0.7847 0.6199
vn -0.3079 0.7742 0.5530
vn 0.3080 0.7741 0.5530
vn 0.0001 0.7847 0.6199
vn 0.3080 0.7742 0.5530
vn 0.3077 0.7258 0.6153
vn 0.5527 0.7422 0.3791
vn 0.3082 0.7741 0.5530
vn 0.3077 0.7258 0.6152
vn 0.5527 0.7422 0.3790
vn 0.5681 0.6943 0.4418
vn 0.5681 0.6943 0.4419
vn 0.3640 0.4511 0.8149
vn 0.7021 0.7021 0.1185
vn 0.7411 0.6465 0.1813
vn 0.3640 0.4510 0.8149
vn 0.6770 0.4173 0.6062
vn -0.5769 0.7353 0.3557
vn -0.3861 0.7565 0.5279
vn -0.2051 0.9695 0.1341
vn -0.2052 0.9705 0.1264
vn 0.6783 0.6390 -0.3628
vn 0.3470 0.9304 -0.1183
vn 0.7557 0.6456 -0.1102
vn 0.3399 0.9319 -0.1264
vn 0.3395 0.9321 -0.1264
vn -0.0785 0.9908 -0.1101
vn 0.3469 0.9304 -0.1182
vn -0.0158 0.9946 0.1026
vn 0.3393 0.9311 -0.1341
vn 0.3396 0.9320 -0.1265
vn 0.4809 0.6938 -0.5360
vn 0.1501 0.9558 0.2526
vn 0.3394 0.9321 -0.1263
vn 0.3392 0.9311 -0.1341
vn -0.0154 0.9946 0.1026
vn 0.3395 0.9321 -0.1263
vn 0.1501 0.9558 0.2527
vn 0.1501 0.9558 0.2528
vn -0.4983 0.7833 0.3718
vn -0.4983 0.7832 0.3718
vn -0.1576 0.7330 0.6617
vn -0.5770 0.7353 0.3557
vn -0.2128 0.9689 0.1261
vn -0.6500 0.7520 0.1097
vn -0.2127 0.9689 0.1261
vn -0.5769 0.7353 0.3556
vn -0.2054 0.9705 0.1262
vn -0.2049 0.9706 0.1263
vn 0.2039 0.9728 0.1098
vn -0.2125 0.9690 0.1260
vn -0.2050 0.9706 0.1263
vn 0.1496 0.9842 -0.0944
vn 0.5959 0.7135 -0.3685
vn 0.2041 0.9728 0.1098
vn 0.1497 0.9842 -0.0945
vn 0.2040 0.9728 0.1098
vn 0.5959 0.7136 -0.3684
vn 0.7059 0.7061 0.0549
vn 0.6959 0.7039 0.1423
vn 0.3622 0.9288 -0.0787
vn 0.5282 0.7884 0.3153
vn 0.3623 0.9288 -0.0787
vn 0.3545 0.9294 -0.1024
vn 0.3316 0.9314 -0.1502
vn 0.4809 0.6939 -0.5359
vn 0.2448 0.7738 -0.5842
vn 0.4809 0.6939 -0.5360
vn 0.3316 0.9314 -0.1501
vn 0.3393 0.9310 -0.1344
vn 0.3547 0.8909 0.2837
vn 0.3393 0.9311 -0.1339
vn 0.3315 0.9315 -0.1498
vn 0.3547 0.8909 0.2838
vn 0.1502 0.9558 0.2527
vn 0.1500 0.9558 0.2530
vn 0.2519 0.6142 0.7478
vn -0.2284 0.9682 0.1023
vn -0.5908 0.7957 -0.1339
vn -0.2130 0.9689 0.1260
vn -0.2126 0.9690 0.1260
vn 0.1422 0.9406 0.3082
vn -0.2282 0.9682 0.1023
vn 0.7060 0.7061 0.0549
vn 0.1423 0.9406 0.3082
vn 0.6070 0.6387 0.4730
vn -0.2998 0.5366 -0.7888
vn -0.1264 0.9403 -0.3161
vn 0.0234 0.8641 -0.5027
vn -0.1263 0.9403 -0.3161
vn 0.2518 0.9522 -0.1732
vn 0.0236 0.8642 -0.5026
vn 0.3063 0.9346 -0.1807
vn 0.0235 0.8642 -0.5026
vn 0.2519 0.9521 -0.1731
vn 0.5266 0.8252 0.2042
vn 0.3063 0.9347 -0.1804
vn 0.5266 0.8252 0.2041
vn 0.6278 0.7770 0.0471
vn 0.2046 0.5824 0.7867
vn 0.0706 0.9494 0.3060
vn 0.0706 0.9494 0.3062
vn 0.2046 0.5825 0.7867
vn 0.3006 0.8782 0.3720
vn 0.3006 0.8783 0.3717
vn 0.2902 0.9568 -0.0156
vn 0.0707 0.9494 0.3060
vn 0.3006 0.8784 0.3716
vn 0.3396 0.9398 -0.0393
vn 0.3396 0.9397 -0.0396
vn 0.3078 0.8208 -0.4812
vn 0.2902 0.9568 -0.0157
vn 0.4728 0.7801 -0.4097
vn 0.7182 0.6947 0.0394
vn 0.2125 0.9680 -0.1338
vn 0.2125 0.9679 -0.1338
vn 0.2841 0.9549 0.0868
vn -0.0944 0.9940 0.0552
vn 0.2839 0.9549 0.0868
vn -0.0862 0.9893 0.1177
vn -0.0947 0.9940 0.0552
vn -0.0866 0.9893 0.1178
vn -0.5299 0.8386 0.1266
vn 0.0237 0.8641 -0.5027
vn 0.3315 0.9314 -0.1503
vn -0.0948 0.9864 0.1341
vn -0.1651 0.9825 -0.0863
vn 0.2198 0.9744 -0.0471
vn -0.1650 0.9825 -0.0864
vn -0.0947 0.9864 0.1340
vn -0.1651 0.9825 -0.0864
vn 0.2199 0.9744 -0.0471
vn 0.2128 0.9699 -0.1183
vn 0.2202 0.9743 -0.0471
vn 0.6357 0.7617 -0.1256
vn 0.2130 0.9699 -0.1183
vn 0.6357 0.7616 -0.1256
vn 0.5765 0.7660 -0.2843
vn 0.2765 0.6952 -0.6635
vn 0.5839 0.7262 -0.3630
vn 0.0473 0.9530 -0.2993
vn -0.0946 0.9940 0.0552
vn 0.2123 0.9680 -0.1338
vn 0.0473 0.9530 -0.2992
vn -0.1490 0.9886 0.0235
vn -0.3538 0.8414 0.4086
vn -0.0947 0.9940 0.0553
vn -0.1494 0.9885 0.0236
vn -0.3538 0.8413 0.4087
vn 0.3641 0.4908 0.7915
vn 0.6454 0.6063 0.4645
vn 0.2443 0.9142 0.3233
vn 0.3641 0.4909 0.7915
vn 0.0867 0.8591 0.5044
vn -0.1262 0.9781 0.1657
vn -0.1734 0.9695 0.1734
vn -0.1262 0.9781 0.1655
vn -0.3998 0.8937 -0.2037
vn -0.1263 0.9781 0.1656
vn -0.5113 0.8576 -0.0550
vn -0.5574 0.5339 -0.6358
vn -0.3998 0.8936 -0.2038
vn -0.3861 0.7565 0.5278
vn -0.1970 0.9689 0.1497
vn -0.2050 0.9695 0.1343
vn -0.1969 0.9690 0.1496
vn -0.2127 0.9375 -0.2755
vn -0.2050 0.9696 0.1338
vn -0.2050 0.9696 0.1339
vn -0.2127 0.9375 -0.2756
vn -0.0080 0.9715 -0.2369
vn -0.2126 0.9374 -0.2758
vn -0.0079 0.9715 -0.2370
vn 0.2662 0.6971 -0.6657
vn -0.2126 0.9374 -0.2757
vn -0.1572 0.6370 -0.7547
vn 0.3231 0.5360 0.7800
vn 0.1423 0.9406 0.3083
vn -0.0000 0.8975 0.4410
vn -0.1734 0.9694 0.1735
vn 0.0866 0.8591 0.5044
vn -0.1734 0.9694 0.1736
vn -0.1969 0.9689 0.1499
vn -0.3997 0.8937 -0.2038
vn -0.1969 0.9690 0.1494
vn -0.1734 0.9695 0.1733
vn -0.2127 0.9374 -0.2757
vn -0.1969 0.9690 0.1495
vn -0.3998 0.8937 -0.2038
vn -0.1573 0.6370 -0.7547
vn -0.2127 0.9374 -0.2758
vn -0.1573 0.6369 -0.7547
vn -0.1805 0.7300 0.6592
vn -0.0947 0.9864 0.1342
vn -0.0947 0.9864 0.1343
vn -0.1805 0.7301 0.6591
vn 0.2200 0.9744 -0.0471
vn -0.0945 0.9864 0.1342
vn 0.2902 0.9568 -0.0158
vn 0.4728 0.7802 -0.4097
vn 0.4728 0.7802 -0.4096
vn 0.5764 0.7661 -0.2843
vn -0.0864 0.9893 0.1177
vn -0.5114 0.8576 -0.0550
vn -0.1264 0.9781 0.1655
vn -0.5114 0.8576 -0.0549
vn -0.0865 0.9893 0.1177
vn -0.5299 0.8385 0.1266
vn 0.2443 0.9143 0.3231
vn -0.0863 0.9893 0.1178
vn -0.1259 0.9781 0.1657
vn 0.2841 0.9549 0.0869
vn 0.2842 0.9548 0.0869
vn 0.2444 0.9143 0.3230
vn 0.7183 0.6946 0.0395
vn 0.2841 0.9548 0.0869
vn -0.0238 0.9484 -0.3162
vn -0.5911 0.8041 -0.0631
vn -0.5034 0.7238 -0.4720
vn -0.0787 0.9908 -0.1101
vn -0.0237 0.9484 -0.3161
vn 0.3467 0.9305 -0.1183
vn -0.0786 0.9908 -0.1101
vn 0.3468 0.9305 -0.1183
vn 0.3544 0.9295 -0.1024
vn 0.3546 0.9294 -0.1024
vn 0.3471 0.9303 -0.1183
vn 0.3078 0.8208 -0.4813
vn 0.1263 0.8841 -0.4499
vn 0.3396 0.9397 -0.0397
vn 0.3621 0.9288 -0.0788
vn 0.3396 0.9397 -0.0394
vn 0.3621 0.9288 -0.0785
vn 0.3007 0.8782 0.3719
vn 0.3008 0.8782 0.3719
vn 0.6049 0.4087 0.6835
vn 0.5282 0.7884 0.3154
vn 0.6049 0.4086 0.6835
vn 0.3007 0.8782 0.3720
vn 0.2047 0.5823 0.7868
vn -0.2051 0.9782 0.0317
vn -0.2364 0.9691 0.0711
vn -0.0000 0.8976 0.4408
vn -0.1805 0.8635 0.4709
vn -0.2051 0.9782 0.0315
vn -0.4162 0.8562 -0.3063
vn -0.2364 0.9691 0.0708
vn -0.4162 0.8561 -0.3063
vn -0.1814 0.9142 -0.3625
vn -0.1814 0.9141 -0.3625
vn -0.5433 0.4963 -0.6772
vn -0.4162 0.8561 -0.3064
vn -0.5433 0.4962 -0.6772
vn -0.1344 0.6084 -0.7822
vn 0.2521 0.6141 0.7479
vn 0.5266 0.8252 0.2044
vn 0.6292 0.4564 0.6292
vn 0.3548 0.8908 0.2838
vn 0.3316 0.9314 -0.1498
vn 0.5265 0.8253 0.2043
vn -0.5911 0.8041 -0.0630
vn -0.0160 0.9946 0.1026
vn -0.0161 0.9946 0.1026
vn -0.5910 0.8042 -0.0630
vn -0.1491 0.9885 0.0237
vn -0.2051 0.9782 0.0316
vn -0.1491 0.9885 0.0235
vn -0.1812 0.9142 -0.3624
vn -0.1491 0.9885 0.0234
vn 0.0472 0.9530 -0.2992
vn 0.0473 0.9529 -0.2995
vn 0.2762 0.6952 -0.6636
vn 0.0473 0.9529 -0.2994
vn -0.1813 0.9141 -0.3628
vn -0.2283 0.9682 0.1025
vn -0.2363 0.9691 0.0709
vn -0.0000 0.8976 0.4407
vn -0.2364 0.9691 0.0709
vn -0.5907 0.7957 -0.1339
vn -0.2283 0.9682 0.1022
vn -0.4163 0.8561 -0.3062
vn 0.6278 0.7770 0.0470
vn 0.2131 0.9698 -0.1183
vn 0.6359 0.7615 -0.1256
vn 0.6277 0.7770 0.0470
vn 0.2129 0.9699 -0.1183
vn 0.2516 0.9522 -0.1731
vn -0.1263 0.9403 -0.3160
vn -0.1649 0.9825 -0.0865
vn -0.1653 0.9825 -0.0865
vn -0.1265 0.9403 -0.3160
vn -0.1651 0.9825 -0.0866
vn -0.5034 0.7237 -0.4721
vn -0.2433 0.5808 -0.7768
vn 0.3543 0.9295 -0.1025
vn 0.1263 0.8842 -0.4498
vn 0.3620 0.9288 -0.0790
vn 0.1497 0.9842 -0.0946
vn -0.0078 0.9715 -0.2370
vn -0.2051 0.9706 0.1261
vn -0.0079 0.9715 -0.2368
vn 0.1494 0.9843 -0.0945
vn -0.2048 0.9696 0.1340
vn 0.7070 -0.0236 -0.7068
vn 0.6857 0.2443 -0.6857
vn 0.9221 -0.0237 -0.3863
vn 0.9221 -0.0237 -0.3862
vn 0.6912 -0.2120 -0.6908
vn 0.6857 0.2444 -0.6856
vn 0.5928 0.5452 -0.5927
vn 0.8966 0.2438 -0.3697
vn 0.8966 0.2439 -0.3697
vn 0.5928 0.5453 -0.5927
vn 0.9997 -0.0236 -0.0002
vn 0.9697 0.2444 -0.0002
vn 0.9997 -0.0236 -0.0003
vn 0.8967 0.2438 -0.3696
vn 0.8405 0.5419 -0.0001
vn 0.6299 0.7320 -0.2598
vn 0.8404 0.5419 -0.0001
vn 0.8404 0.5420 -0.0001
vn 0.6298 0.7320 -0.2598
vn 0.6832 0.7303 -0.0000
vn 0.9997 -0.0236 -0.0004
vn 0.9019 -0.2118 -0.3765
vn 0.6912 -0.2120 -0.6909
vn 0.6354 -0.4390 -0.6352
vn 0.9771 -0.2128 -0.0000
vn 0.6354 -0.4391 -0.6352
vn 0.8276 -0.4413 -0.3469
vn 0.8277 -0.4412 -0.3468
vn 0.8277 -0.4413 -0.3467
vn 0.8976 -0.4409 -0.0001
vn 0.6936 -0.6621 -0.2838
vn 0.5292 -0.6633 -0.5291
vn 0.8276 -0.4414 -0.3468
vn 0.5293 -0.6633 -0.5291
vn 0.6353 -0.4392 -0.6352
vn 0.7492 -0.6624 -0.0002
vn 0.6938 -0.6620 -0.2837
vn 0.8975 -0.4411 -0.0000
vn 0.6937 -0.6620 -0.2837
vn 0.8975 -0.4409 0.0001
vn 0.7492 -0.6624 -0.0000
vn 0.6937 -0.6621 0.2837
vn 0.8975 -0.4409 -0.0000
vn 0.8276 -0.4414 0.3468
vn 0.5292 -0.6634 0.5291
vn 0.6936 -0.6621 0.2838
vn 0.5292 -0.6633 0.5291
vn 0.6353 -0.4392 0.6352
vn 0.9019 -0.2118 0.3765
vn 0.8976 -0.4408 -0.0000
vn 0.8276 -0.4414 0.3467
vn 0.8277 -0.4413 0.3468
vn 0.9019 -0.2118 0.3764
vn 0.9997 -0.0236 0.0002
vn 0.6912 -0.2120 0.6909
vn 0.9221 -0.0237 0.3862
vn 0.8966 0.2437 0.3697
vn 0.9997 -0.0236 0.0003
vn 0.9697 0.2444 0.0001
vn 0.6912 -0.2120 0.6908
vn 0.7071 -0.0236 0.7067
vn 0.6857 0.2443 0.6857
vn 0.8966 0.2438 0.3697
vn 0.9221 -0.0237 0.3863
vn 0.6857 0.2442 0.6857
vn 0.7070 -0.0236 0.7068
vn 0.8405 0.5419 0.0001
vn 0.5928 0.5452 0.5927
vn 0.6858 0.2443 0.6856
vn 0.5929 0.5452 0.5927
vn 0.8966 0.2439 0.3697
vn 0.8404 0.5420 0.0001
vn 0.6298 0.7321 0.2597
vn 0.7768 0.5414 0.3216
vn 0.2433 -0.5807 0.7769
vn 0.5259 -0.0707 0.8476
vn 0.5035 -0.7237 0.4720
vn 0.8478 -0.2278 0.4789
vn 0.5913 -0.8039 0.0631
vn 0.9538 -0.2996 -0.0236
vn 0.5913 -0.8040 0.0631
vn 0.8516 -0.3784 0.3627
vn 0.9539 -0.2916 -0.0709
vn 0.9753 0.2202 -0.0157
vn 0.9753 0.2202 -0.0156
vn 0.8676 0.1260 0.4810
vn 0.9539 -0.2917 -0.0708
vn 0.8516 -0.3785 0.3627
vn 0.6501 -0.7519 -0.1096
vn 0.9539 -0.2917 -0.0709
vn 0.5913 -0.8040 0.0630
vn 0.9538 -0.2996 -0.0237
vn 0.7383 0.6519 -0.1728
vn 0.7411 0.6465 0.1812
vn 0.7022 0.7021 0.1183
vn 0.7411 0.6465 0.1811
vn 0.7927 0.5965 -0.1255
vn 0.7411 0.6465 0.1814
vn 0.8800 0.3693 0.2986
vn 0.8800 0.3694 0.2985
vn 0.7927 0.5965 -0.1254
vn 0.9468 0.3156 -0.0631
vn 0.8800 0.3693 0.2987
vn 0.5840 -0.6158 0.5289
vn 0.6771 0.4171 0.6062
vn 0.7658 -0.5844 0.2684
vn 0.8801 0.3692 0.2986
vn 0.7658 -0.5844 0.2683
vn 0.7657 -0.5845 0.2685
vn 0.8311 -0.5541 -0.0478
vn 0.9468 0.3154 -0.0632
vn 0.7664 -0.5295 -0.3636
vn 0.8668 0.2599 -0.4255
vn 0.7665 -0.5295 -0.3636
vn 0.9468 0.3156 -0.0632
vn 0.7927 0.5965 -0.1257
vn 0.8668 0.2601 -0.4255
vn 0.9468 0.3157 -0.0632
vn 0.6580 0.2193 -0.7204
vn 0.5832 -0.5123 -0.6305
vn 0.8668 0.2600 -0.4256
vn 0.7242 0.5431 -0.4250
vn 0.8668 0.2600 -0.4255
vn 0.7241 0.5431 -0.4251
vn 0.6579 0.2194 -0.7204
vn 0.7241 0.5431 -0.4250
vn 0.7383 0.6519 -0.1730
vn 0.6593 0.6043 -0.4474
vn 0.6580 0.2194 -0.7204
vn 0.4890 0.5677 -0.6623
vn 0.9352 -0.3537 -0.0157
vn 0.6008 -0.7984 0.0395
vn 0.9352 -0.3538 -0.0157
vn 0.4648 -0.8113 -0.3545
vn 0.7770 -0.3690 -0.5100
vn 0.7771 -0.3689 -0.5100
vn 0.9862 0.1499 -0.0710
vn 0.9352 -0.3537 -0.0158
vn 0.9861 0.1499 -0.0711
vn 0.7771 -0.3688 -0.5100
vn 0.8483 0.1414 -0.5104
vn 0.9861 0.1499 -0.0710
vn 0.8482 0.1414 -0.5105
vn 0.6784 0.6389 -0.3628
vn 0.6785 0.6388 -0.3628
vn 0.7559 0.6454 -0.1102
vn 0.5191 0.2203 -0.8258
vn 0.4810 0.6937 -0.5361
vn 0.4811 0.6937 -0.5361
vn 0.6784 0.6388 -0.3630
vn 0.7945 -0.3619 -0.4877
vn 0.4652 -0.8357 -0.2917
vn 0.7945 -0.3619 -0.4876
vn 0.9216 -0.3783 -0.0867
vn 0.8425 -0.2441 0.4803
vn 0.6050 0.4084 0.6835
vn 0.5202 -0.0709 0.8511
vn 0.8948 0.2512 0.3691
vn 0.8949 0.2512 0.3689
vn 0.6051 0.4085 0.6834
vn 0.6960 0.7038 0.1424
vn 0.8345 -0.4409 0.3304
vn 0.5300 -0.8385 -0.1265
vn 0.8345 -0.4409 0.3305
vn 0.9217 -0.3782 -0.0866
vn 0.8345 -0.4408 0.3307
vn 0.9846 0.1732 -0.0236
vn 0.9217 -0.3781 -0.0866
vn 0.8711 0.1098 0.4787
vn 0.8711 0.1097 0.4787
vn 0.5272 -0.0000 0.8497
vn 0.5575 -0.5336 0.6360
vn 0.8345 -0.4408 0.3306
vn 0.8344 -0.4410 0.3306
vn 0.8425 -0.2441 0.4802
vn 0.8425 -0.2442 0.4802
vn 0.9352 -0.3537 -0.0155
vn 0.9352 -0.3537 -0.0156
vn 0.8949 0.2511 0.3690
vn 0.8949 0.2510 0.3690
vn 0.3538 -0.8412 -0.4088
vn 0.7944 -0.3620 -0.4878
vn 0.7060 0.7060 0.0549
vn 0.8711 0.1099 0.4787
vn 0.8711 0.1100 0.4787
vn 0.7061 0.7060 0.0549
vn 0.9846 0.1733 -0.0236
vn 0.9538 -0.2995 -0.0237
vn 0.9617 0.2601 -0.0868
vn 0.8130 -0.2603 -0.5208
vn 0.9617 0.2601 -0.0867
vn 0.8333 0.2751 -0.4795
vn 0.9217 -0.3781 -0.0867
vn 0.8360 0.1735 -0.5205
vn 0.9846 0.1732 -0.0237
vn 0.9539 -0.2917 -0.0710
vn 0.8190 -0.2598 -0.5117
vn 0.8207 0.2524 -0.5126
vn 0.5771 -0.7351 -0.3557
vn 0.8190 -0.2599 -0.5116
vn 0.8206 0.2524 -0.5127
vn 0.9753 0.2202 -0.0159
vn 0.8206 0.2525 -0.5127
vn 0.5840 0.7260 -0.3630
vn 0.5772 -0.7351 -0.3557
vn 0.5841 0.7260 -0.3630
vn 0.7183 0.6946 0.0394
vn 0.5766 0.7660 -0.2843
vn 0.5340 0.3141 -0.7850
vn 0.8333 0.2752 -0.4795
vn 0.8479 -0.2275 0.4789
vn 0.8897 0.3228 0.3228
vn 0.9538 -0.2994 -0.0236
vn 0.9617 0.2600 -0.0867
vn 0.9538 -0.2995 -0.0236
vn 0.6279 0.7769 0.0471
vn 0.8333 0.2752 -0.4794
vn 0.9616 0.2602 -0.0867
vn 0.8188 -0.2599 -0.5118
vn 0.3861 -0.7564 -0.5280
vn 0.4867 -0.2905 -0.8239
vn 0.3862 -0.7564 -0.5280
vn 0.8188 -0.2600 -0.5118
vn 0.5771 -0.7351 -0.3558
vn 0.5434 -0.4961 0.6772
vn 0.8516 -0.3784 0.3628
vn 0.8675 0.1261 0.4812
vn 0.5273 -0.0001 0.8497
vn 0.4164 -0.8560 0.3064
vn 0.4163 -0.8560 0.3064
vn 0.5908 -0.7956 0.1340
vn 0.5259 -0.0706 0.8476
vn 0.6293 0.4562 0.6292
vn 0.8479 -0.2274 0.4789
vn 0.6294 0.4561 0.6292
vn 0.6278 0.7769 0.0471
vn 0.8897 0.3229 0.3228
vn 0.5266 0.8252 0.2045
vn 0.8360 0.1736 -0.5205
vn 0.6072 0.6384 0.4730
vn 0.8676 0.1262 0.4810
vn 0.7183 0.6946 0.0396
vn 0.9753 0.2203 -0.0157
vn 0.6960 0.7037 0.1424
vn 0.9861 0.1500 -0.0710
vn 0.8949 0.2512 0.3688
vt 47.960999 -13.026000
vt 47.927898 -13.026000
vt 47.929401 -13.055000
vt 47.930500 -12.996400
vt 47.961800 -13.055000
vt 47.937599 -13.081400
vt 47.962399 -12.996400
vt 47.936100 -12.971000
vt 47.965401 -12.971000
vt 48.000000 -13.026000
vt 47.966301 -13.081400
vt 48.000000 -12.996400
vt 48.000000 -12.971000
vt 48.034599 -12.971000
vt 48.037601 -12.996400
vt 48.063900 -12.971000
vt 48.000000 -13.055000
vt 48.000000 -13.081400
vt 47.971600 -13.097600
vt 48.000000 -13.097600
vt 48.028400 -13.097600
vt 48.033699 -13.081400
vt 48.038200 -13.055000
vt 48.062401 -13.081400
vt 48.039001 -13.026000
vt 48.070599 -13.055000
vt 48.072102 -13.026000
vt 48.069500 -12.996400
vt 48.000000 -12.947400
vt 47.971600 -12.947400
vt 48.028400 -12.947400
vt 48.052399 -12.947400
vt 47.947601 -12.947400
vt 48.000900 -12.890300
vt 47.999599 -12.890000
vt 47.999802 -12.891100
vt 48.000401 -12.891300
vt 47.998798 -12.891200
vt 47.999500 -12.891900
vt 47.999100 -12.890900
vt 47.999199 -12.892200
vt 47.999599 -12.893500
vt 47.995800 -12.891600
vt 47.995399 -12.892600
vt 48.000000 -12.892500
vt 47.999298 -12.894500
vt 47.995201 -12.893700
vt 47.996700 -12.890700
vt 48.000401 -12.891500
vt 48.004002 -12.894200
vt 48.003601 -12.895200
vt 48.004101 -12.893100
vt 48.004002 -12.892100
vt 47.993900 -12.880800
vt 47.997002 -12.888400
vt 47.996700 -12.880400
vt 47.994598 -12.873400
vt 47.990002 -12.874100
vt 47.992901 -12.890800
vt 47.992298 -12.891800
vt 48.005402 -12.873400
vt 48.006100 -12.880800
vt 48.009998 -12.874100
vt 48.003300 -12.880400
vt 48.002998 -12.888400
vt 48.000000 -12.873200
vt 48.001499 -12.894400
vt 48.002800 -12.894400
vt 48.001598 -12.888200
vt 48.000000 -12.880200
vt 48.000000 -12.888100
vt 48.000000 -12.894400
vt 47.998402 -12.888200
vt 47.998501 -12.894400
vt 47.997200 -12.894400
vt 48.005402 -12.888300
vt 48.002300 -12.889000
vt 48.002800 -12.889900
vt 48.006001 -12.889200
vt 48.006001 -12.890200
vt 48.003101 -12.890900
vt 48.000801 -12.893000
vt 48.001301 -12.891900
vt 48.000500 -12.892600
vt 47.998299 -12.891500
vt 47.998798 -12.892500
vt 47.998501 -12.891500
vt 47.999001 -12.892400
vt 47.998299 -12.890200
vt 47.998699 -12.891200
vt 47.999199 -12.892100
vt 48.003101 -12.891900
vt 47.999699 -12.892900
vt 48.000999 -12.891600
vt 48.002102 -12.890700
vt 48.000099 -12.892400
vt 47.999199 -12.891000
vt 47.999298 -12.892100
vt 47.999599 -12.892200
vt 47.999699 -12.893100
vt 47.999199 -12.893400
vt 47.994701 -12.892600
vt 47.992001 -12.893800
vt 47.992599 -12.894700
vt 47.995300 -12.893500
vt 48.000301 -12.894000
vt 47.999199 -12.894400
vt 47.998901 -12.893500
vt 47.994400 -12.891600
vt 47.996300 -12.894200
vt 48.007301 -12.893400
vt 48.007301 -12.894500
vt 48.006901 -12.895500
vt 47.999199 -12.893200
vt 47.998901 -12.893100
vt 48.000099 -12.892800
vt 48.001301 -12.893500
vt 47.999699 -12.893400
vt 48.000301 -12.893700
vt 48.000301 -12.892500
vt 47.999599 -12.891600
vt 47.998001 -12.988600
vt 47.992901 -12.990000
vt 47.994099 -12.991300
vt 47.989899 -12.994600
vt 47.997398 -12.987000
vt 47.991501 -12.995300
vt 48.002701 -12.987700
vt 47.988899 -13.000000
vt 48.002701 -12.985900
vt 47.990601 -13.000000
vt 48.007900 -12.987000
vt 47.991501 -13.004700
vt 48.007301 -12.988600
vt 47.989899 -13.005400
vt 48.012402 -12.990000
vt 47.994099 -13.008700
vt 48.011200 -12.991300
vt 47.992901 -13.010000
vt 48.015400 -12.994600
vt 47.998001 -13.011400
vt 48.013802 -12.995300
vt 47.997398 -13.013000
vt 48.002701 -13.012300
vt 48.002701 -13.014100
vt 48.016399 -13.000000
vt 48.014702 -13.000000
vt 48.013802 -13.004700
vt 48.015400 -13.005400
vt 48.011200 -13.008700
vt 48.012402 -13.010000
vt 48.007301 -13.011400
vt 48.007900 -13.013000
vt 48.001499 -13.000000
vt 48.004200 -13.005800
vt 48.000401 -13.005300
vt 48.000099 -13.006700
vt 48.004101 -13.004400
vt 48.000801 -13.002500
vt 48.003201 -13.001900
vt 48.001598 -12.999900
vt 48.000500 -13.000200
vt 48.008301 -13.000700
vt 48.007301 -12.996400
vt 48.006199 -12.997200
vt 48.007099 -13.001100
vt 48.003799 -12.998700
vt 48.004398 -13.001400
vt 48.001900 -13.000900
vt 48.001701 -12.999600
vt 48.003101 -13.007200
vt 48.005901 -13.004700
vt 48.003502 -13.003800
vt 48.001598 -13.005500
vt 48.000401 -13.002800
vt 48.001400 -13.002100
vt 48.007000 -13.004800
vt 47.997601 -13.001800
vt 47.996601 -13.005200
vt 47.998299 -13.002500
vt 47.994900 -13.003300
vt 47.999199 -13.001100
vt 47.998901 -13.000800
vt 47.993198 -12.997800
vt 47.993198 -12.994400
vt 47.992001 -12.998300
vt 47.994301 -12.994400
vt 47.995899 -12.997400
vt 47.996700 -12.995200
vt 47.998901 -12.997000
vt 47.998402 -12.998000
vt 47.998600 -12.993800
vt 47.999802 -12.996500
vt 47.999901 -12.998000
vt 47.999500 -12.998200
vt 48.000599 -12.991500
vt 47.997101 -12.992200
vt 48.000900 -12.993400
vt 48.000801 -12.996500
vt 48.000301 -12.998100
vt 47.999401 -13.007900
vt 47.999100 -13.006000
vt 47.999199 -13.002900
vt 47.999699 -13.001400
vt 48.000301 -13.001300
vt 48.002300 -12.999100
vt 48.005501 -12.998000
vt 48.002399 -12.998100
vt 48.004902 -13.000300
vt 48.000999 -12.998800
vt 48.000999 -12.999100
vt 47.992199 -13.000400
vt 47.994900 -12.998400
vt 47.993099 -12.996700
vt 47.994202 -13.000900
vt 47.997398 -12.999600
vt 47.997299 -13.000800
vt 47.998699 -13.000300
vt 47.998699 -12.999700
vt 48.001499 -12.996800
vt 48.000599 -12.998300
vt 47.993099 -13.004000
vt 48.028400 -12.988300
vt 48.008301 -12.996500
vt 48.030701 -13.000000
vt 48.049900 -12.979300
vt 48.002800 -12.997200
vt 48.003601 -12.998500
vt 48.003601 -13.001500
vt 48.008999 -13.000000
vt 48.003899 -13.000000
vt 48.008301 -13.003500
vt 48.002800 -13.002800
vt 48.001499 -13.003700
vt 48.006401 -13.006400
vt 48.000000 -13.004000
vt 48.003399 -13.008400
vt 48.000000 -13.009100
vt 48.028400 -13.011700
vt 48.021702 -13.021700
vt 48.011700 -13.028400
vt 48.000000 -13.030700
vt 48.038200 -13.038200
vt 48.049900 -13.020700
vt 48.020699 -13.049900
vt 48.000000 -13.054000
vt 48.052399 -13.052400
vt 48.028400 -13.068500
vt 48.000000 -13.074100
vt 48.068501 -13.028400
vt 48.054001 -13.000000
vt 48.074100 -13.000000
vt 48.068501 -12.971600
vt 47.992500 -12.995800
vt 47.995800 -12.994100
vt 47.995602 -12.992900
vt 47.996700 -12.996600
vt 47.998199 -12.998700
vt 48.003399 -12.994300
vt 48.004200 -12.993100
vt 48.001900 -12.996700
vt 48.000801 -12.998600
vt 47.945999 -13.000000
vt 47.931499 -12.971600
vt 47.925900 -13.000000
vt 47.931499 -13.028400
vt 47.950100 -12.979300
vt 47.947601 -12.947600
vt 47.950100 -13.020700
vt 47.947601 -13.052400
vt 47.969299 -13.000000
vt 47.961800 -12.961800
vt 47.961800 -13.038200
vt 47.979301 -13.049900
vt 47.971600 -13.068500
vt 47.971600 -13.011700
vt 47.978298 -13.021700
vt 47.988300 -13.028400
vt 47.996601 -13.008400
vt 47.993599 -13.006400
vt 47.998501 -13.003700
vt 47.991699 -13.003500
vt 47.997200 -13.002800
vt 47.996300 -13.001500
vt 47.991001 -13.000000
vt 47.995998 -13.000000
vt 47.996300 -12.998500
vt 47.991699 -12.996500
vt 47.996700 -13.004200
vt 47.995899 -13.005400
vt 47.998299 -13.001800
vt 47.999401 -12.999900
vt 48.007500 -12.998600
vt 48.006599 -13.002000
vt 47.997200 -12.997200
vt 47.971600 -12.988300
vt 47.993599 -12.993600
vt 47.978298 -12.978300
vt 47.988300 -12.971600
vt 47.996601 -12.991600
vt 47.998501 -12.996300
vt 47.979301 -12.950100
vt 47.971600 -12.931500
vt 48.000000 -12.946000
vt 48.000000 -12.925900
vt 48.028400 -12.931500
vt 48.000000 -12.969300
vt 48.020699 -12.950100
vt 48.052399 -12.947600
vt 48.000000 -12.990900
vt 48.011700 -12.971600
vt 48.038200 -12.961800
vt 48.021702 -12.978300
vt 48.000000 -12.996000
vt 48.003399 -12.991600
vt 48.001499 -12.996300
vt 48.006401 -12.993600
vt 47.992901 -13.002300
vt 47.993999 -13.001400
vt 47.996498 -12.999900
vt 47.998600 -12.999100
vt 48.000801 -13.001000
vt 47.999901 -12.991800
vt 47.999599 -12.993100
vt 47.999199 -12.995900
vt 47.999500 -12.998300
vt 48.007198 -13.003000
vt 48.006599 -12.995300
vt 48.004902 -12.995800
vt 48.002102 -12.997400
vt 48.000801 -12.998500
vt 47.995701 -13.006700
vt 48.004101 -12.992700
vt 48.003201 -12.994100
vt 48.002899 -12.891800
vt 48.003700 -12.892800
vt 47.999401 -12.892400
vt 47.999599 -12.893000
vt 48.000301 -12.892200
vt 47.999699 -12.891900
vt 48.000000 -12.893200
vt 47.998199 -12.882000
vt 48.000999 -12.888700
vt 48.001400 -12.881400
vt 48.002399 -12.888400
vt 47.997299 -12.876100
vt 48.004200 -12.880800
vt 48.002602 -12.875000
vt 48.007099 -12.874100
vt 47.994900 -12.882700
vt 47.997799 -12.889400
vt 47.992100 -12.877200
vt 47.996498 -12.889700
vt 47.992199 -12.883300
vt 48.004200 -12.891800
vt 48.007000 -12.893700
vt 48.007500 -12.892600
vt 48.003799 -12.892800
vt 48.005901 -12.894600
vt 48.003101 -12.893800
vt 47.993099 -12.893300
vt 47.995499 -12.892000
vt 47.992500 -12.892300
vt 47.995701 -12.893100
vt 47.999500 -12.889100
vt 48.000301 -12.890200
vt 48.000599 -12.889100
vt 47.999802 -12.890300
vt 47.999401 -12.889000
vt 47.999199 -12.892600
vt 47.999199 -12.891600
vt 47.995800 -12.889900
vt 47.995499 -12.891000
vt 48.000099 -12.890100
vt 47.999401 -12.893300
vt 47.997700 -12.889900
vt 47.999001 -12.890900
vt 47.998402 -12.889500
vt 47.999298 -12.890500
vt 47.999699 -12.891600
vt 48.000500 -12.893300
vt 48.000801 -12.892300
vt 48.004398 -12.890800
vt 48.000000 -12.891300
vt 48.000702 -12.890300
vt 48.001400 -12.889300
vt 47.995602 -12.893500
vt 47.993401 -12.891800
vt 47.992699 -12.892800
vt 47.995899 -12.892400
vt 47.999802 -12.894300
vt 48.000500 -12.894400
vt 48.000301 -12.891200
vt 47.999802 -12.894500
vt 48.004101 -12.893800
vt 48.000099 -12.895400
vt 48.004200 -12.894700
vt 48.006802 -12.891600
vt 48.007198 -12.892600
vt 48.005699 -12.890700
vt 47.999500 -12.895400
vt 48.000801 -12.895500
vt 48.000900 -12.894400
vt 48.001701 -12.895400
vt 47.995602 -12.894500
vt 47.995899 -12.895400
vt 47.999100 -12.894000
vt 47.998699 -12.893700
vt 47.998199 -12.895100
vt 48.000301 -12.892300
vt 47.999901 -12.892500
vt 48.000599 -12.892200
vt 47.999500 -12.892800
vt 48.000000 -12.872900
vt 47.995300 -12.873100
vt 48.000000 -12.884500
vt 48.004700 -12.873100
vt 48.001301 -12.892100
vt 48.001999 -12.891200
vt 48.001202 -12.891800
vt 47.999699 -12.892000
vt 48.000500 -12.892800
vt 48.000301 -12.891700
vt 48.000099 -12.893100
vt 47.999599 -12.893300
vt 48.001598 -12.889900
vt 48.002998 -12.889700
vt 48.000000 -12.883800
vt 48.003300 -12.883700
vt 48.000000 -12.889900
vt 47.998402 -12.889900
vt 47.996700 -12.883700
vt 47.997002 -12.889700
vt 48.006901 -12.889900
vt 48.003601 -12.890200
vt 48.004002 -12.891200
vt 48.007301 -12.891000
vt 48.007301 -12.892000
vt 48.004101 -12.892300
vt 47.997002 -12.890200
vt 48.000401 -12.892600
vt 48.000801 -12.891600
vt 47.998001 -12.889500
vt 48.001400 -12.890800
vt 47.996399 -12.891100
vt 47.999901 -12.893500
vt 47.996101 -12.892100
vt 48.001999 -12.889700
vt 48.001801 -12.890900
vt 48.002998 -12.890200
vt 48.001400 -12.890600
vt 48.000900 -12.891500
vt 47.994202 -12.889000
vt 47.993599 -12.889900
vt 48.000900 -12.889300
vt 48.000099 -12.892300
vt 48.000401 -12.892500
vt 48.000702 -12.891300
vt 47.999298 -12.893300
vt 47.998901 -12.892300
vt 48.000500 -12.891200
vt 48.000500 -12.890200
vt 48.007702 -12.893500
vt 48.004700 -12.892800
vt 48.004501 -12.893800
vt 48.007599 -12.894500
vt 48.007099 -12.895400
vt 48.000401 -12.894100
vt 47.999802 -12.894400
vt 48.004700 -12.891800
vt 48.004002 -12.894700
vt 47.992901 -12.894700
vt 47.995399 -12.892800
vt 47.992298 -12.893600
vt 47.995800 -12.893800
vt 48.000999 -12.893800
vt 48.000900 -12.895100
vt 48.002102 -12.894700
vt 47.999901 -12.892200
vt 47.999298 -12.890900
vt 47.999599 -12.891900
vt 48.000000 -12.892900
vt 48.004002 -12.893300
vt 48.000401 -12.893900
vt 48.000801 -12.892500
vt 47.995201 -12.891800
vt 47.996700 -12.894700
vt 48.000801 -12.892800
vt 47.999599 -12.895400
vt 47.918499 -12.966300
vt 47.937599 -12.937600
vt 47.966301 -12.918500
vt 47.918499 -13.033700
vt 47.937599 -13.062400
vt 47.947102 -13.021900
vt 47.959499 -13.040500
vt 47.942699 -13.000000
vt 47.978100 -13.052900
vt 48.000000 -13.057300
vt 47.962601 -13.015500
vt 47.971401 -13.028600
vt 47.984501 -13.037400
vt 48.000000 -13.040500
vt 48.000000 -13.019600
vt 47.992500 -13.018100
vt 48.000000 -13.000000
vt 47.986099 -13.013900
vt 47.981899 -13.007500
vt 47.980400 -13.000000
vt 47.959499 -13.000000
vt 47.962601 -12.984500
vt 47.981899 -12.992500
vt 47.947102 -12.978100
vt 47.959499 -12.959500
vt 47.971401 -12.971400
vt 47.986099 -12.986100
vt 47.984501 -12.962600
vt 47.978100 -12.947100
vt 47.992500 -12.981900
vt 48.000000 -12.942700
vt 48.000000 -12.959500
vt 48.000000 -12.980400
vt 48.015499 -12.962600
vt 48.021900 -12.947100
vt 48.007500 -12.981900
vt 48.013901 -12.986100
vt 48.040501 -12.959500
vt 48.062401 -12.937600
vt 48.033699 -12.918500
vt 48.081501 -12.966300
vt 48.052898 -12.978100
vt 48.037399 -12.984500
vt 48.057301 -13.000000
vt 48.052898 -13.021900
vt 48.037399 -13.015500
vt 48.040501 -13.040500
vt 48.040501 -13.000000
vt 48.019600 -13.000000
vt 48.081501 -13.033700
vt 48.062401 -13.062400
vt 48.033699 -13.081500
vt 48.021900 -13.052900
vt 48.015499 -13.037400
vt 48.028599 -13.028600
vt 48.007500 -13.018100
vt 48.013901 -13.013900
vt 48.018101 -13.007500
vt 48.018101 -12.992500
vt 48.028599 -12.971400
vt 47.966301 -13.081500
vt 47.992100 -12.987000
vt 47.992199 -12.993900
vt 47.994900 -12.992000
vt 47.987598 -12.990000
vt 47.995602 -12.998400
vt 47.996498 -12.997000
vt 47.990299 -12.996700
vt 47.984600 -12.994600
vt 47.989700 -13.000000
vt 47.983601 -13.000000
vt 47.984600 -13.005400
vt 47.990299 -13.003300
vt 47.987598 -13.010000
vt 47.992199 -13.006100
vt 47.995602 -13.001600
vt 47.992100 -13.013000
vt 47.994900 -13.008000
vt 47.996498 -13.003000
vt 47.995701 -12.993300
vt 47.993099 -12.996000
vt 47.994900 -12.996700
vt 47.996601 -12.994800
vt 48.004101 -13.005600
vt 48.000900 -13.004900
vt 48.000599 -13.006800
vt 48.003201 -13.004200
vt 48.000801 -13.001800
vt 48.001499 -13.001500
vt 48.004902 -13.002500
vt 48.006599 -13.003100
vt 48.002102 -13.001000
vt 48.000599 -13.000100
vt 48.000801 -12.999900
vt 47.999100 -12.994000
vt 47.999401 -12.992100
vt 47.999199 -12.997100
vt 47.998299 -12.997500
vt 47.999199 -12.998900
vt 47.999699 -12.998600
vt 47.997101 -13.006200
vt 47.996700 -13.003100
vt 47.994301 -13.003900
vt 47.998600 -13.004600
vt 48.005501 -13.000300
vt 48.007500 -12.999700
vt 48.002399 -13.000200
vt 48.000999 -12.999600
vt 48.001598 -12.994500
vt 48.003101 -12.992800
vt 48.000401 -12.997200
vt 48.000301 -12.998700
vt 48.007198 -12.995300
vt 48.004200 -12.992600
vt 48.004101 -12.993900
vt 48.006599 -12.996300
vt 48.003201 -12.996400
vt 48.004902 -12.998100
vt 48.002300 -12.999200
vt 48.001598 -12.998400
vt 47.992001 -13.000100
vt 47.993999 -12.996900
vt 47.992901 -12.996000
vt 47.993198 -13.000600
vt 47.996498 -12.998500
vt 47.995899 -13.000900
vt 47.998402 -13.000300
vt 47.998600 -12.999200
vt 47.999901 -13.008200
vt 48.004200 -13.006900
vt 48.003399 -13.005700
vt 47.999599 -13.006900
vt 48.001900 -13.003300
vt 47.999199 -13.004100
vt 47.999500 -13.001700
vt 48.000801 -13.001400
vt 47.996700 -12.994100
vt 48.000099 -12.991600
vt 47.995899 -12.992900
vt 48.000401 -12.993000
vt 47.998299 -12.996600
vt 48.000801 -12.995800
vt 48.000500 -12.998100
vt 47.999401 -12.998400
vt 48.007301 -13.003600
vt 48.006199 -13.002800
vt 48.003799 -13.001300
vt 48.001701 -13.000400
vt 47.992500 -13.004200
vt 47.995602 -13.007100
vt 47.995800 -13.005900
vt 47.993099 -13.003300
vt 47.996700 -13.003400
vt 47.994900 -13.001600
vt 47.997398 -13.000400
vt 47.998199 -13.001300
vt 47.992199 -12.999600
vt 47.994202 -12.999100
vt 47.997299 -12.999200
vt 47.997601 -12.998200
vt 47.998901 -12.999200
vt 48.000801 -12.999000
vt 48.001400 -12.997900
vt 47.999802 -13.001800
vt 48.000301 -13.000300
vt 47.999901 -13.000300
vt 47.998901 -13.001300
vt 47.993198 -13.003900
vt 48.004398 -12.998600
vt 48.003502 -12.996200
vt 48.001900 -12.999100
vt 48.005901 -12.995300
vt 48.007099 -12.998900
vt 48.007000 -12.995200
vt 48.008301 -12.999300
vt 48.000999 -12.999200
vt 47.999500 -13.000100
vt 47.999500 -12.890900
vt 47.999500 -12.891800
vt 47.999901 -12.891200
vt 47.999699 -12.892100
vt 48.000301 -12.891500
vt 48.000000 -12.892400
vt 48.003799 -12.892600
vt 47.999599 -12.893200
vt 48.004200 -12.893600
vt 48.003101 -12.891600
vt 47.999401 -12.892200
vt 48.000599 -12.891500
vt 48.002701 -12.876100
vt 48.005100 -12.882700
vt 48.007900 -12.877200
vt 48.001801 -12.882000
vt 48.003502 -12.889700
vt 48.007801 -12.883300
vt 48.002201 -12.889400
vt 48.000599 -12.889000
vt 47.999001 -12.888700
vt 47.997601 -12.888400
vt 47.998600 -12.881400
vt 47.997398 -12.875000
vt 47.995800 -12.880800
vt 47.992901 -12.874100
vt 47.995899 -12.888300
vt 47.999802 -12.889200
vt 48.000099 -12.888300
vt 47.995602 -12.889200
vt 47.999599 -12.890200
vt 47.995602 -12.890200
vt 47.995899 -12.891300
vt 47.999401 -12.891300
vt 47.992699 -12.890900
vt 47.993401 -12.891900
vt 47.999500 -12.890000
vt 48.000500 -12.891000
vt 48.000801 -12.889900
vt 48.004101 -12.889900
vt 48.006802 -12.892100
vt 48.007198 -12.891100
vt 48.003700 -12.890900
vt 48.005699 -12.893000
vt 48.002899 -12.891900
vt 47.999100 -12.891400
vt 47.998199 -12.890300
vt 48.000000 -12.892200
vt 47.999599 -12.892500
vt 47.998699 -12.891700
vt 47.999199 -12.892800
vt 48.004200 -12.889000
vt 48.000900 -12.891100
vt 48.001701 -12.890000
vt 48.000301 -12.893200
vt 47.999699 -12.893500
vt 47.999802 -12.893400
vt 48.000301 -12.893500
vt 48.000500 -12.892100
vt 47.995499 -12.893400
vt 47.995499 -12.894500
vt 47.995701 -12.892300
vt 47.995800 -12.895500
vt 48.000099 -12.895300
vt 48.000599 -12.894600
vt 48.000702 -12.893400
vt 48.001400 -12.894400
vt 47.999298 -12.893200
vt 47.999500 -12.894600
vt 47.998402 -12.894200
vt 47.993099 -12.892100
vt 47.992500 -12.893100
vt 48.007000 -12.891800
vt 48.007500 -12.892800
vt 48.005901 -12.890800
vt 47.999001 -12.892800
vt 47.997700 -12.893800
vt 48.000801 -12.893100
vt 47.999199 -12.893800
vt 48.004398 -12.894700
s 1
usemtl Azul_XD
f 1/1/1 2/2/2 3/3/3
f 4/1/1 5/4/4 6/2/2
f 7/5/5 8/3/3 9/6/6
f 10/5/5 11/1/1 12/3/3
f 13/7/7 14/8/8 15/4/9
f 16/4/10 17/1/1 18/7/7
f 19/8/8 20/7/7 21/9/11
f 22/10/12 23/1/1 24/5/5
f 25/10/13 26/7/7 27/1/1
f 28/11/14 29/5/15 30/6/16
f 31/12/17 32/9/18 33/7/7
f 34/7/19 35/10/12 36/12/17
f 37/9/18 38/12/20 39/13/21
f 40/14/22 41/13/21 42/12/23
f 43/15/24 44/14/22 45/12/23
f 46/15/25 47/12/20 48/10/12
f 49/16/26 50/14/22 51/15/27
f 52/17/28 53/5/5 54/11/29
f 55/17/30 56/10/12 57/5/31
f 58/18/32 59/11/29 60/19/33
f 61/18/32 62/17/34 63/11/29
f 64/20/35 65/18/32 66/19/33
f 67/21/36 68/18/37 69/20/35
f 70/18/32 71/21/36 72/22/38
f 73/22/38 74/17/34 75/18/39
f 76/17/34 77/22/38 78/23/40
f 79/23/40 80/10/41 81/17/34
f 82/24/42 83/23/40 84/22/38
f 85/10/43 86/23/40 87/25/44
f 88/25/44 89/15/25 90/10/12
f 91/23/40 92/24/42 93/26/45
f 94/26/46 95/25/44 96/23/40
f 97/25/47 98/26/46 99/27/48
f 100/28/49 101/15/25 102/25/47
f 103/27/48 104/28/49 105/25/44
f 106/28/49 107/16/50 108/15/25
f 109/13/51 110/29/52 111/30/53
f 112/13/51 113/30/53 114/9/54
f 115/31/55 116/13/56 117/14/22
f 118/13/57 119/31/55 120/29/52
f 121/32/58 122/14/22 123/16/50
f 124/14/22 125/32/59 126/31/60
f 127/9/54 128/33/61 129/8/8
f 130/9/54 131/30/62 132/33/61
f 133/34/63 134/35/64 135/36/65
f 136/37/66 137/34/63 138/36/65
f 139/38/67 140/39/68 141/40/69
f 142/39/70 143/38/71 144/41/72
f 145/42/73 146/43/74 147/44/75
f 148/43/74 149/42/73 150/45/76
f 151/44/77 152/46/78 153/42/79
f 154/46/80 155/44/81 156/47/82
f 157/45/83 158/48/84 159/43/85
f 160/48/84 161/45/86 162/49/87
f 163/50/88 164/45/89 165/42/90
f 166/42/91 167/51/92 168/50/93
f 169/51/92 170/42/94 171/46/95
f 172/45/96 173/50/97 174/52/98
f 175/53/99 176/45/100 177/52/98
f 178/45/101 179/53/102 180/49/103
f 181/54/104 182/55/105 183/56/106
f 184/57/107 185/54/104 186/56/106
f 187/57/108 188/58/109 189/54/104
f 190/44/110 191/59/111 192/60/112
f 193/59/113 194/44/110 195/43/114
f 196/61/115 197/62/116 198/63/117
f 199/62/116 200/61/118 201/64/119
f 202/64/119 203/65/120 204/62/116
f 205/66/121 206/64/122 207/61/118
f 208/65/123 209/67/124 210/68/125
f 211/65/120 212/64/126 213/69/127
f 214/67/128 215/65/123 216/69/129
f 217/64/126 218/66/121 219/70/130
f 220/70/130 221/69/131 222/64/126
f 223/66/132 224/56/133 225/70/130
f 226/69/129 227/70/130 228/71/134
f 229/56/133 230/66/121 231/57/107
f 232/69/135 233/72/136 234/67/124
f 235/72/136 236/69/137 237/71/138
f 238/70/130 239/73/139 240/71/140
f 241/73/141 242/72/136 243/71/142
f 244/73/141 245/70/143 246/56/106
f 247/72/136 248/73/139 249/74/144
f 250/55/145 251/74/144 252/73/146
f 253/56/147 254/55/105 255/73/148
f 256/74/149 257/55/145 258/75/150
f 259/76/151 260/77/152 261/78/153
f 262/76/151 263/78/153 264/79/154
f 265/78/153 266/80/155 267/79/154
f 268/80/156 269/78/153 270/81/157
f 271/82/158 272/83/159 273/84/160
f 274/85/161 275/86/162 276/87/163
f 277/87/163 278/86/164 279/88/165
f 280/77/152 281/89/166 282/90/167
f 283/77/152 284/90/167 285/78/168
f 286/78/169 287/90/170 288/91/171
f 289/78/169 290/91/172 291/81/173
f 292/91/174 293/92/175 294/81/176
f 295/92/175 296/91/174 297/93/177
f 298/94/178 299/34/63 300/37/179
f 301/34/63 302/94/180 303/95/181
f 304/94/180 305/37/182 306/96/183
f 307/84/75 308/94/180 309/96/183
f 310/97/184 311/98/185 312/36/186
f 313/99/187 314/36/186 315/98/185
f 316/96/183 317/37/182 318/99/187
f 319/37/182 320/36/188 321/99/187
f 322/88/189 323/100/190 324/41/191
f 325/100/192 326/88/193 327/101/194
f 328/102/195 329/103/196 330/104/197
f 331/102/195 332/104/197 333/105/198
f 334/87/199 335/41/200 336/38/201
f 337/41/202 338/87/203 339/88/204
f 340/106/205 341/101/206 342/107/207
f 343/101/208 344/106/205 345/100/209
f 346/86/210 347/101/211 348/88/212
f 349/101/211 350/86/210 351/108/213
f 352/89/166 353/109/214 354/102/215
f 355/89/216 356/102/215 357/90/167
f 358/90/167 359/102/215 360/105/217
f 361/90/167 362/105/218 363/91/219
f 364/91/219 365/105/217 366/110/220
f 367/91/221 368/110/220 369/93/222
f 370/111/223 371/50/224 372/112/225
f 373/50/226 374/113/227 375/112/228
f 376/50/224 377/111/229 378/52/230
f 379/113/227 380/50/231 381/51/92
f 382/114/232 383/98/233 384/115/234
f 385/98/233 386/114/232 387/99/235
f 388/41/236 389/116/237 390/39/238
f 391/116/237 392/41/239 393/100/192
f 394/106/205 395/116/240 396/100/241
f 397/116/240 398/106/205 399/117/242
f 400/118/243 401/96/183 402/114/244
f 403/96/183 404/99/235 405/114/244
f 406/119/245 407/84/246 408/118/247
f 409/84/248 410/96/249 411/118/247
f 412/39/250 413/120/251 414/121/252
f 415/122/253 416/123/254 417/124/255
f 418/125/256 419/124/255 420/123/254
f 421/123/254 422/122/253 423/126/257
f 424/124/255 425/125/256 426/127/258
f 427/128/259 428/126/257 429/122/253
f 430/129/260 431/127/258 432/125/256
f 433/126/257 434/128/259 435/130/261
f 436/127/258 437/129/260 438/131/262
f 439/128/259 440/132/263 441/130/261
f 442/129/260 443/133/264 444/131/262
f 445/132/263 446/128/259 447/134/265
f 448/133/264 449/129/260 450/135/266
f 451/134/265 452/136/267 453/132/263
f 454/137/268 455/133/264 456/135/266
f 457/136/267 458/134/265 459/138/269
f 460/135/266 461/139/270 462/137/268
f 463/138/269 464/140/271 465/136/267
f 466/141/272 467/137/268 468/139/270
f 469/140/271 470/138/269 471/142/273
f 472/139/270 473/143/274 474/141/272
f 475/143/274 476/144/275 477/141/272
f 478/143/274 479/145/276 480/144/275
f 481/146/277 482/140/271 483/142/273
f 484/146/277 485/142/273 486/147/278
f 487/148/279 488/146/277 489/147/278
f 490/146/277 491/148/279 492/149/280
f 493/150/281 494/149/280 495/148/279
f 496/149/280 497/150/281 498/151/282
f 499/152/283 500/151/282 501/150/281
f 502/151/282 503/152/283 504/153/284
f 505/144/275 506/153/284 507/152/283
f 508/153/284 509/144/275 510/145/276
f 511/128/285 512/122/286 513/154/287
f 514/134/288 515/128/289 516/154/290
f 517/138/291 518/134/292 519/154/293
f 520/142/294 521/138/295 522/154/290
f 523/147/296 524/142/297 525/154/290
f 526/148/298 527/147/299 528/154/290
f 529/150/300 530/148/301 531/154/290
f 532/152/302 533/150/303 534/154/290
f 535/144/304 536/152/305 537/154/290
f 538/155/306 539/156/307 540/157/308
f 541/156/309 542/155/306 543/158/310
f 544/158/311 545/159/312 546/156/313
f 547/159/314 548/158/315 549/160/316
f 550/161/317 551/159/314 552/160/318
f 553/159/314 554/161/317 555/162/319
f 556/163/320 557/164/321 558/165/322
f 559/163/320 560/165/323 561/166/324
f 562/166/325 563/165/326 564/167/327
f 565/166/325 566/167/327 567/168/328
f 568/167/329 569/169/63 570/168/330
f 571/169/63 572/167/331 573/170/332
f 574/171/333 575/172/334 576/173/335
f 577/171/336 578/173/335 579/174/337
f 580/173/338 581/175/339 582/174/340
f 583/175/341 584/173/342 585/176/343
f 586/166/344 587/172/345 588/177/346
f 589/177/347 590/163/348 591/166/344
f 592/172/349 593/166/344 594/168/350
f 595/168/350 596/173/351 597/172/349
f 598/168/352 599/176/343 600/173/353
f 601/176/343 602/168/352 603/169/354
f 604/178/355 605/179/356 606/180/357
f 607/179/358 608/178/359 609/181/360
f 610/178/361 611/180/362 612/182/363
f 613/183/364 614/178/365 615/182/363
f 616/184/366 617/185/367 618/186/368
f 619/185/369 620/184/370 621/187/371
f 622/188/372 623/187/371 624/184/373
f 625/187/374 626/188/372 627/189/375
f 628/188/376 629/190/377 630/189/378
f 631/190/379 632/188/376 633/191/380
f 634/137/381 635/141/382 636/154/383
f 637/141/384 638/144/385 639/154/386
f 640/133/387 641/137/388 642/154/389
f 643/124/390 644/127/391 645/154/392
f 646/122/393 647/124/394 648/154/290
f 649/189/395 650/190/379 651/192/396
f 652/193/397 653/192/396 654/190/379
f 655/190/398 656/194/399 657/193/400
f 658/194/401 659/190/402 660/195/403
f 661/196/404 662/197/405 663/192/406
f 664/192/407 665/198/408 666/196/404
f 667/198/409 668/192/410 669/193/411
f 670/199/412 671/198/409 672/193/411
f 673/193/413 674/200/414 675/199/415
f 676/200/416 677/193/413 678/194/417
f 679/174/418 680/201/419 681/171/336
f 682/201/420 683/174/421 684/202/422
f 685/175/423 686/202/424 687/174/425
f 688/202/424 689/175/423 690/203/426
f 691/175/427 692/204/428 693/203/429
f 694/204/430 695/175/427 696/205/431
f 697/206/432 698/207/433 699/208/434
f 700/207/435 701/206/436 702/209/437
f 703/208/438 704/210/439 705/206/440
f 706/211/441 707/206/440 708/210/439
f 709/212/442 710/213/443 711/214/444
f 712/213/445 713/212/442 714/215/446
f 715/215/447 716/216/448 717/213/443
f 718/216/448 719/215/447 720/217/449
f 721/218/450 722/216/451 723/217/452
f 724/216/451 725/218/453 726/219/454
f 727/200/455 728/220/456 729/199/457
f 730/220/456 731/200/458 732/221/459
f 733/222/460 734/215/461 735/212/442
f 736/215/462 737/222/460 738/181/463
f 739/181/464 740/217/449 741/215/465
f 742/217/466 743/181/467 744/178/355
f 745/217/468 746/178/361 747/183/469
f 748/218/470 749/217/452 750/183/469
f 751/223/471 752/224/472 753/225/473
f 754/225/473 755/226/474 756/223/471
f 757/224/472 758/227/475 759/228/476
f 760/229/477 761/230/478 762/231/479
f 763/231/479 764/230/478 765/228/476
f 766/224/472 767/228/476 768/230/478
f 769/230/478 770/225/480 771/224/472
f 772/230/478 773/229/481 774/232/482
f 775/233/483 776/232/482 777/229/481
f 778/232/484 779/225/473 780/230/478
f 781/234/485 782/235/486 783/233/483
f 784/232/482 785/233/483 786/235/486
f 787/236/487 788/237/488 789/234/485
f 790/235/486 791/234/485 792/237/488
f 793/237/489 794/236/487 795/238/288
f 796/235/490 797/239/491 798/232/492
f 799/225/473 800/232/482 801/239/493
f 802/237/488 803/240/494 804/235/495
f 805/239/493 806/235/490 807/240/496
f 808/238/288 809/241/497 810/237/488
f 811/240/496 812/237/488 813/241/498
f 814/241/497 815/238/288 816/242/499
f 817/243/500 818/239/493 819/240/496
f 820/241/498 821/243/500 822/240/496
f 823/239/493 824/244/501 825/225/473
f 826/243/500 827/244/501 828/239/493
f 829/242/499 830/245/502 831/241/498
f 832/243/500 833/241/498 834/245/502
f 835/245/502 836/242/499 837/246/503
f 838/247/504 839/244/501 840/243/500
f 841/245/502 842/247/504 843/243/500
f 844/247/505 845/245/506 846/248/507
f 847/246/508 848/248/507 849/245/509
f 850/248/507 851/246/508 852/249/510
f 853/244/511 854/247/504 855/250/512
f 856/251/513 857/244/501 858/250/512
f 859/244/501 860/251/513 861/225/473
f 862/250/512 863/252/514 864/251/513
f 865/226/474 866/225/473 867/251/513
f 868/253/515 869/251/513 870/252/516
f 871/251/517 872/253/518 873/226/474
f 874/254/519 875/255/520 876/256/521
f 877/255/522 878/254/523 879/214/444
f 880/214/444 881/257/524 882/255/525
f 883/257/524 884/214/526 885/213/443
f 886/213/443 887/216/527 888/257/528
f 889/257/529 890/216/527 891/258/530
f 892/259/531 893/164/532 894/260/533
f 895/164/532 896/259/534 897/165/535
f 898/261/536 899/165/537 900/259/538
f 901/165/537 902/261/539 903/167/540
f 904/261/541 905/170/332 906/167/331
f 907/170/542 908/261/541 909/262/543
f 910/263/544 911/264/53 912/265/545
f 913/266/55 914/263/544 915/265/545
f 916/264/546 917/263/544 918/267/547
f 919/264/53 920/267/547 921/268/548
f 922/263/544 923/266/55 924/269/549
f 925/270/58 926/269/550 927/266/55
f 928/271/551 929/267/547 930/263/544
f 931/269/549 932/271/551 933/263/544
f 934/268/548 935/267/552 936/272/553
f 937/269/550 938/270/58 939/273/554
f 940/273/554 941/270/58 942/274/555
f 943/270/58 944/275/556 945/274/555
f 946/249/557 947/274/555 948/275/556
f 949/274/555 950/249/558 951/246/559
f 952/246/559 953/242/560 954/274/555
f 955/273/554 956/276/561 957/269/549
f 958/271/551 959/269/549 960/276/561
f 961/274/555 962/277/562 963/273/554
f 964/276/561 965/273/554 966/277/563
f 967/274/555 968/242/560 969/278/564
f 970/277/562 971/274/555 972/278/564
f 973/242/560 974/238/565 975/278/564
f 976/278/564 977/238/566 978/279/567
f 979/278/564 980/279/567 981/277/562
f 982/238/566 983/236/487 984/279/567
f 985/276/561 986/277/568 987/280/569
f 988/280/570 989/277/568 990/279/567
f 991/279/571 992/236/487 993/281/572
f 994/279/567 995/281/572 996/280/570
f 997/282/573 998/276/561 999/280/569
f 1000/282/573 1001/271/551 1002/276/561
f 1003/283/125 1004/280/570 1005/281/574
f 1006/282/573 1007/280/570 1008/283/125
f 1009/284/575 1010/282/576 1011/283/125
f 1012/285/577 1013/284/578 1014/286/579
f 1015/284/580 1016/285/577 1017/282/573
f 1018/271/551 1019/282/573 1020/285/577
f 1021/287/581 1022/285/577 1023/286/579
f 1024/288/582 1025/271/551 1026/285/577
f 1027/285/577 1028/287/581 1029/288/582
f 1030/157/583 1031/289/584 1032/290/585
f 1033/289/586 1034/157/587 1035/156/588
f 1036/156/589 1037/291/590 1038/289/584
f 1039/291/591 1040/156/592 1041/159/314
f 1042/159/314 1043/162/593 1044/291/594
f 1045/291/595 1046/162/596 1047/292/597
f 1048/209/598 1049/293/599 1050/207/600
f 1051/293/599 1052/209/598 1053/294/601
f 1054/295/602 1055/288/582 1056/287/581
f 1057/271/551 1058/288/582 1059/296/603
f 1060/267/547 1061/271/551 1062/296/603
f 1063/267/547 1064/296/604 1065/272/553
f 1066/297/605 1067/296/603 1068/288/582
f 1069/288/582 1070/295/602 1071/297/606
f 1072/272/553 1073/296/604 1074/298/607
f 1075/296/603 1076/297/608 1077/298/609
f 1078/299/610 1079/272/553 1080/298/611
f 1081/300/612 1082/298/613 1083/297/608
f 1084/298/611 1085/300/614 1086/299/615
f 1087/301/616 1088/297/617 1089/295/602
f 1090/297/608 1091/301/616 1092/300/614
f 1093/272/553 1094/299/610 1095/302/618
f 1096/302/618 1097/268/548 1098/272/553
f 1099/268/548 1100/302/618 1101/303/619
f 1102/304/620 1103/303/621 1104/302/618
f 1105/303/619 1106/304/622 1107/305/623
f 1108/304/624 1109/306/625 1110/305/623
f 1111/302/626 1112/307/627 1113/304/620
f 1114/307/627 1115/302/618 1116/299/610
f 1117/306/625 1118/304/620 1119/308/628
f 1120/307/629 1121/308/628 1122/304/620
f 1123/308/628 1124/309/630 1125/306/625
f 1126/299/615 1127/310/305 1128/307/627
f 1129/310/302 1130/299/615 1131/300/614
f 1132/308/628 1133/307/631 1134/311/632
f 1135/310/305 1136/311/632 1137/307/627
f 1138/309/630 1139/308/628 1140/312/633
f 1141/311/632 1142/312/633 1143/308/628
f 1144/226/634 1145/309/630 1146/312/633
f 1147/309/630 1148/226/635 1149/253/518
f 1150/312/633 1151/311/632 1152/313/636
f 1153/300/614 1154/314/637 1155/310/302
f 1156/314/637 1157/300/638 1158/301/616
f 1159/311/639 1160/310/305 1161/315/640
f 1162/314/637 1163/315/641 1164/310/305
f 1165/315/641 1166/313/636 1167/311/632
f 1168/315/641 1169/314/637 1170/316/642
f 1171/313/636 1172/315/641 1173/317/643
f 1174/316/644 1175/317/645 1176/315/641
f 1177/223/471 1178/312/633 1179/313/636
f 1180/317/646 1181/223/471 1182/313/636
f 1183/312/633 1184/223/471 1185/226/474
f 1186/317/645 1187/316/642 1188/227/475
f 1189/223/471 1190/317/645 1191/224/472
f 1192/227/647 1193/224/472 1194/317/645
f 1195/318/648 1196/290/649 1197/289/650
f 1198/289/651 1199/319/652 1200/318/653
f 1201/319/652 1202/289/654 1203/291/655
f 1204/291/656 1205/320/657 1206/319/652
f 1207/291/594 1208/321/658 1209/320/659
f 1210/321/658 1211/291/660 1212/292/661
f 1213/176/662 1214/205/663 1215/175/427
f 1216/205/663 1217/176/181 1218/322/664
f 1219/323/665 1220/259/534 1221/260/666
f 1222/259/531 1223/323/667 1224/324/668
f 1225/324/668 1226/261/669 1227/259/670
f 1228/261/539 1229/324/668 1230/325/671
f 1231/326/672 1232/261/673 1233/325/674
f 1234/261/675 1235/326/672 1236/262/676
f 1237/327/677 1238/158/678 1239/155/679
f 1240/158/680 1241/327/681 1242/294/682
f 1243/294/683 1244/160/684 1245/158/685
f 1246/160/684 1247/294/683 1248/209/598
f 1249/160/318 1250/209/686 1251/206/432
f 1252/160/687 1253/206/432 1254/161/688
f 1255/186/689 1256/318/152 1257/319/690
f 1258/319/690 1259/184/691 1260/186/692
f 1261/320/657 1262/184/693 1263/319/694
f 1264/184/693 1265/320/695 1266/188/696
f 1267/320/659 1268/191/697 1269/188/253
f 1270/191/697 1271/320/659 1272/321/658
f 1273/216/451 1274/219/698 1275/258/699
f 1276/256/700 1277/324/701 1278/323/702
f 1279/324/703 1280/256/700 1281/255/704
f 1282/255/705 1283/325/706 1284/324/707
f 1285/325/708 1286/255/705 1287/257/709
f 1288/325/674 1289/257/710 1290/258/530
f 1291/326/672 1292/325/674 1293/258/711
f 1294/197/712 1295/187/713 1296/189/714
f 1297/197/712 1298/189/714 1299/192/715
f 1300/328/716 1301/207/717 1302/293/599
f 1303/207/718 1304/328/716 1305/329/719
f 1306/329/720 1307/208/721 1308/207/722
f 1309/208/723 1310/329/724 1311/330/725
f 1312/330/725 1313/331/726 1314/208/727
f 1315/208/728 1316/331/729 1317/210/730
f 1318/332/731 1319/201/732 1320/202/733
f 1321/332/731 1322/202/734 1323/179/735
f 1324/202/736 1325/203/737 1326/179/738
f 1327/180/357 1328/179/739 1329/203/737
f 1330/203/429 1331/182/740 1332/180/357
f 1333/182/740 1334/203/429 1335/204/430
f 1336/198/741 1337/333/742 1338/196/404
f 1339/333/742 1340/198/741 1341/334/743
f 1342/199/744 1343/334/745 1344/198/746
f 1345/334/747 1346/199/412 1347/220/748
f 1348/332/731 1349/181/749 1350/222/750
f 1351/181/749 1352/332/731 1353/179/751
f 1354/329/752 1355/333/742 1356/334/743
f 1357/333/753 1358/329/754 1359/328/755
f 1360/334/756 1361/330/757 1362/329/720
f 1363/330/757 1364/334/756 1365/220/758
f 1366/221/759 1367/330/725 1368/220/760
f 1369/330/725 1370/221/459 1371/331/761
f 1372/15/762 1373/16/763 1374/14/764
f 1375/3/765 1376/5/766 1377/1/767
f 1378/5/768 1379/10/769 1380/1/767
f 1381/5/768 1382/3/770 1383/6/771
f 1384/5/768 1385/17/772 1386/10/769
f 1387/6/773 1388/11/774 1389/5/768
f 1390/11/775 1391/17/772 1392/5/768
f 1393/11/775 1394/18/776 1395/17/772
f 1396/18/776 1397/11/775 1398/19/777
f 1399/19/777 1400/20/778 1401/18/776
f 1402/21/779 1403/18/780 1404/20/778
f 1405/18/776 1406/21/779 1407/22/781
f 1408/22/782 1409/17/772 1410/18/776
f 1411/17/772 1412/22/782 1413/23/783
f 1414/24/784 1415/23/783 1416/22/785
f 1417/23/783 1418/10/769 1419/17/786
f 1420/10/769 1421/23/783 1422/25/787
f 1423/10/769 1424/25/787 1425/15/788
f 1426/23/783 1427/24/789 1428/26/790
f 1429/26/791 1430/25/787 1431/23/792
f 1432/25/787 1433/26/793 1434/27/794
f 1435/25/795 1436/28/796 1437/15/762
f 1438/25/795 1439/27/797 1440/28/798
f 1441/15/788 1442/28/796 1443/16/799
f 1444/32/800 1445/14/801 1446/16/799
f 1447/14/801 1448/32/802 1449/31/803
f 1450/8/804 1451/9/805 1452/33/806
f 1453/33/806 1454/9/805 1455/30/807
f 1456/13/808 1457/30/809 1458/9/805
f 1459/30/810 1460/13/811 1461/29/812
f 1462/13/813 1463/31/814 1464/29/815
f 1465/31/816 1466/13/813 1467/14/801
f 1468/7/817 1469/8/818 1470/4/819
f 1471/8/820 1472/7/821 1473/9/805
f 1474/1/822 1475/4/819 1476/2/823
f 1477/4/824 1478/1/822 1479/7/821
f 1480/3/825 1481/1/767 1482/2/823
f 1483/12/826 1484/9/827 1485/7/828
f 1486/9/805 1487/12/826 1488/13/829
f 1489/12/826 1490/14/830 1491/13/831
f 1492/7/828 1493/10/769 1494/12/826
f 1495/10/769 1496/7/817 1497/1/767
f 1498/12/826 1499/15/832 1500/14/833
f 1501/10/769 1502/15/832 1503/12/826
f 1504/335/834 1505/42/835 1506/336/836
f 1507/42/837 1508/335/834 1509/337/838
f 1510/338/158 1511/339/839 1512/340/840
f 1513/339/841 1514/338/158 1515/341/842
f 1516/342/843 1517/343/844 1518/344/845
f 1519/345/846 1520/344/847 1521/343/848
f 1522/344/849 1523/346/850 1524/342/843
f 1525/344/847 1526/345/851 1527/347/104
f 1528/346/852 1529/344/853 1530/348/854
f 1531/347/104 1532/348/855 1533/344/847
f 1534/348/856 1535/347/104 1536/349/857
f 1537/346/858 1538/350/859 1539/342/843
f 1540/351/860 1541/342/843 1542/350/861
f 1543/350/859 1544/346/850 1545/352/862
f 1546/350/863 1547/353/864 1548/351/865
f 1549/75/866 1550/351/867 1551/353/864
f 1552/353/868 1553/350/869 1554/354/870
f 1555/355/871 1556/356/872 1557/357/873
f 1558/356/872 1559/355/871 1560/358/874
f 1561/359/875 1562/358/876 1563/360/877
f 1564/358/876 1565/359/878 1566/356/872
f 1567/361/879 1568/362/880 1569/363/881
f 1570/362/882 1571/361/879 1572/364/883
f 1573/365/593 1574/366/884 1575/367/885
f 1576/366/886 1577/365/593 1578/368/887
f 1579/68/888 1580/343/848 1581/67/889
f 1582/343/848 1583/68/888 1584/345/851
f 1585/67/890 1586/369/891 1587/72/892
f 1588/369/893 1589/67/616 1590/343/894
f 1591/72/892 1592/369/893 1593/74/642
f 1594/74/644 1595/369/893 1596/351/895
f 1597/74/642 1598/351/867 1599/75/896
f 1600/342/843 1601/351/860 1602/369/893
f 1603/343/848 1604/342/897 1605/369/898
f 1606/370/899 1607/340/900 1608/371/901
f 1609/36/902 1610/372/903 1611/373/904
f 1612/372/903 1613/36/905 1614/374/906
f 1615/373/904 1616/99/907 1617/36/905
f 1618/99/908 1619/373/904 1620/362/909
f 1621/364/910 1622/99/907 1623/362/909
f 1624/364/910 1625/375/911 1626/99/907
f 1627/376/440 1628/377/912 1629/378/913
f 1630/378/914 1631/377/912 1632/379/915
f 1633/377/69 1634/380/916 1635/379/917
f 1636/380/918 1637/377/69 1638/39/919
f 1639/381/920 1640/339/921 1641/341/842
f 1642/339/841 1643/381/920 1644/382/740
f 1645/355/922 1646/374/923 1647/36/924
f 1648/374/702 1649/355/925 1650/383/926
f 1651/36/924 1652/358/927 1653/355/922
f 1654/358/928 1655/36/924 1656/99/929
f 1657/360/930 1658/99/931 1659/375/932
f 1660/99/931 1661/360/930 1662/358/933
f 1663/368/934 1664/365/593 1665/379/917
f 1666/365/935 1667/378/913 1668/379/936
f 1669/379/917 1670/384/937 1671/368/887
f 1672/384/937 1673/379/917 1674/380/938
f 1675/385/939 1676/367/885 1677/366/940
f 1678/367/941 1679/385/942 1680/386/658
f 1681/387/943 1682/388/944 1683/389/945
f 1684/388/944 1685/387/943 1686/390/946
f 1687/391/947 1688/392/948 1689/381/949
f 1690/391/947 1691/381/920 1692/341/950
f 1693/393/951 1694/368/887 1695/384/952
f 1696/368/887 1697/393/951 1698/366/953
f 1699/336/954 1700/394/955 1701/395/956
f 1702/394/957 1703/336/836 1704/42/958
f 1705/396/959 1706/395/956 1707/394/960
f 1708/395/956 1709/396/961 1710/397/197
f 1711/398/962 1712/395/963 1713/399/964
f 1714/395/965 1715/398/962 1716/336/966
f 1717/336/836 1718/400/371 1719/335/967
f 1720/400/371 1721/336/836 1722/398/968
f 1723/401/969 1724/402/970 1725/392/971
f 1726/401/969 1727/392/971 1728/391/972
f 1729/403/973 1730/392/974 1731/402/975
f 1732/404/976 1733/403/973 1734/402/975
f 1735/405/977 1736/394/978 1737/42/979
f 1738/406/980 1739/394/981 1740/405/982
f 1741/405/983 1742/42/984 1743/387/985
f 1744/406/980 1745/396/959 1746/394/981
f 1747/42/984 1748/390/986 1749/387/985
f 1750/390/987 1751/42/979 1752/337/988
f 1753/407/989 1754/341/990 1755/338/991
f 1756/341/990 1757/407/989 1758/391/992
f 1759/408/245 1760/338/993 1761/370/899
f 1762/338/993 1763/408/245 1764/407/994
f 1765/407/995 1766/401/996 1767/391/997
f 1768/401/996 1769/407/995 1770/409/998
f 1771/408/999 1772/409/1000 1773/407/1001
f 1774/410/1002 1775/380/1003 1776/411/251
f 1777/380/1003 1778/410/1002 1779/384/937
f 1780/412/1004 1781/393/1005 1782/410/1006
f 1783/393/1005 1784/384/1007 1785/410/1006
f 1786/411/251 1787/39/1008 1788/413/237
f 1789/23/1009 1790/24/1010 1791/26/1011
f 1792/24/1012 1793/23/1013 1794/22/1014
f 1795/17/1015 1796/22/1016 1797/23/1009
f 1798/22/1016 1799/17/1017 1800/18/1018
f 1801/18/1019 1802/21/1020 1803/22/1016
f 1804/17/1017 1805/11/1021 1806/18/1022
f 1807/11/1021 1808/17/1023 1809/5/1024
f 1810/5/1024 1811/6/1025 1812/11/1021
f 1813/19/1026 1814/18/1018 1815/11/1021
f 1816/18/1019 1817/19/1026 1818/20/1027
f 1819/21/1020 1820/18/1018 1821/20/1027
f 1822/8/1028 1823/9/1029 1824/33/504
f 1825/33/1030 1826/9/1029 1827/30/1031
f 1828/9/1029 1829/13/1032 1830/30/1033
f 1831/30/1034 1832/13/1032 1833/29/1035
f 1834/13/1036 1835/31/515 1836/29/1035
f 1837/31/515 1838/13/1036 1839/14/1037
f 1840/14/1037 1841/32/1038 1842/31/518
f 1843/32/1038 1844/14/1037 1845/16/1039
f 1846/3/1040 1847/1/1041 1848/2/1042
f 1849/1/1041 1850/4/1043 1851/2/1042
f 1852/6/1025 1853/5/1024 1854/3/1044
f 1855/1/1045 1856/3/1040 1857/5/1024
f 1858/4/1046 1859/1/1045 1860/7/1047
f 1861/7/1048 1862/8/1049 1863/4/1046
f 1864/8/1050 1865/7/1047 1866/9/1051
f 1867/10/1052 1868/7/1053 1869/1/1054
f 1870/5/1024 1871/10/1055 1872/1/1054
f 1873/12/1056 1874/9/1029 1875/7/1048
f 1876/7/1048 1877/10/1057 1878/12/1058
f 1879/9/1059 1880/12/1056 1881/13/1036
f 1882/12/1060 1883/14/1061 1884/13/1062
f 1885/14/1063 1886/12/1064 1887/15/1065
f 1888/10/1066 1889/15/1067 1890/12/1064
f 1891/15/1068 1892/16/1039 1893/14/1069
f 1894/10/1055 1895/5/1024 1896/17/1070
f 1897/16/1039 1898/15/1067 1899/28/1071
f 1900/15/1072 1901/10/1073 1902/25/1074
f 1903/25/1074 1904/28/1075 1905/15/1076
f 1906/10/1055 1907/23/1009 1908/25/1074
f 1909/23/1009 1910/10/1055 1911/17/1017
f 1912/28/1075 1913/25/1074 1914/27/1077
f 1915/26/1078 1916/25/1074 1917/23/1009
f 1918/25/1074 1919/26/1079 1920/27/1080
f 1921/414/1081 1922/415/1082 1923/416/1083
f 1924/417/1084 1925/414/1081 1926/416/1085
f 1927/418/1086 1928/419/401 1929/420/1087
f 1930/421/1088 1931/422/1089 1932/423/1090
f 1933/422/1091 1934/421/1088 1935/424/1092
f 1936/41/1093 1937/424/1094 1938/421/1095
f 1939/424/1096 1940/41/1093 1941/425/1097
f 1942/426/1098 1943/68/1099 1944/427/1100
f 1945/428/1101 1946/426/1102 1947/429/1103
f 1948/68/1099 1949/426/1104 1950/67/1105
f 1951/426/1104 1952/428/1106 1953/430/1107
f 1954/430/1108 1955/67/1109 1956/426/1104
f 1957/430/1110 1958/428/1111 1959/431/1112
f 1960/432/1113 1961/431/1112 1962/428/1114
f 1963/67/1105 1964/430/1110 1965/72/1115
f 1966/433/1116 1967/75/1117 1968/431/1112
f 1969/431/1112 1970/74/1118 1971/430/1108
f 1972/72/1115 1973/430/1108 1974/74/481
f 1975/74/1118 1976/431/1119 1977/75/1120
f 1978/434/903 1979/435/1121 1980/436/1122
f 1981/436/1122 1982/437/1123 1983/434/1124
f 1984/436/1125 1985/438/1126 1986/437/1123
f 1987/438/1127 1988/436/1125 1989/439/1128
f 1990/440/1129 1991/441/1130 1992/442/1131
f 1993/442/1132 1994/443/1133 1995/440/1134
f 1996/443/1133 1997/442/1132 1998/444/1135
f 1999/441/1136 2000/440/1129 2001/445/1137
f 2002/445/1137 2003/446/1138 2004/441/1130
f 2005/446/1138 2006/445/1137 2007/447/1139
f 2008/448/1140 2009/449/1141 2010/450/1142
f 2011/449/1141 2012/448/1140 2013/451/1143
f 2014/451/1144 2015/452/1145 2016/449/1146
f 2017/420/1147 2018/449/1148 2019/452/1149
f 2020/453/1150 2021/445/1151 2022/440/1152
f 2023/445/1153 2024/453/1154 2025/454/1155
f 2026/34/1156 2027/448/1140 2028/455/1157
f 2029/448/1140 2030/34/1158 2031/451/1143
f 2032/452/1159 2033/456/1160 2034/457/1161
f 2035/458/1162 2036/456/1163 2037/452/1159
f 2038/459/1164 2039/41/364 2040/460/1165
f 2041/425/1166 2042/41/364 2043/459/1167
f 2044/461/1168 2045/34/1169 2046/462/953
f 2047/34/1169 2048/461/1170 2049/458/1171
f 2050/463/1172 2051/464/945 2052/465/1173
f 2053/465/1173 2054/466/1174 2055/463/943
f 2056/465/1173 2057/467/1175 2058/466/1174
f 2059/34/1169 2060/458/1176 2061/451/1177
f 2062/451/1178 2063/458/1176 2064/452/1179
f 2065/468/1180 2066/425/1181 2067/469/1182
f 2068/425/1181 2069/468/1180 2070/424/1183
f 2071/442/1184 2072/465/1185 2073/464/1186
f 2074/465/1187 2075/442/1188 2076/441/1189
f 2077/442/1190 2078/464/1191 2079/470/716
f 2080/470/944 2081/444/1192 2082/442/1193
f 2083/471/1194 2084/441/1189 2085/446/1195
f 2086/441/1196 2087/471/1194 2088/465/1197
f 2089/459/1167 2090/469/1198 2091/425/1199
f 2092/469/1198 2093/459/1167 2094/107/948
f 2095/472/1200 2096/473/1201 2097/474/1202
f 2098/472/1200 2099/475/1203 2100/473/1201
f 2101/476/1204 2102/424/1205 2103/468/1206
f 2104/424/1183 2105/476/1204 2106/422/1089
f 2107/477/1207 2108/476/1208 2109/468/1209
f 2110/477/1207 2111/478/1210 2112/476/1208
f 2113/461/1005 2114/456/1163 2115/458/1211
f 2116/456/1163 2117/461/1005 2118/479/1004
f 2119/435/1121 2120/480/1212 2121/481/1213
f 2122/481/1214 2123/436/1215 2124/435/1121
f 2125/436/1216 2126/481/1217 2127/482/1218
f 2128/482/1219 2129/439/1220 2130/436/1215
f 2131/482/1221 2132/483/879 2133/439/1220
f 2134/483/879 2135/482/1222 2136/484/1223
f 2137/422/1201 2138/117/1224 2139/485/1225
f 2140/480/1226 2141/486/1227 2142/473/1091
f 2143/473/1091 2144/481/1228 2145/480/1229
f 2146/481/1230 2147/473/1231 2148/475/1232
f 2149/475/1232 2150/482/1233 2151/481/1234
f 2152/482/1233 2153/475/1235 2154/487/1236
f 2155/487/1236 2156/484/1237 2157/482/1238
f 2158/467/1175 2159/465/1239 2160/471/1194
f 2161/452/1179 2162/457/1240 2163/420/1241
f 2164/420/1241 2165/457/1242 2166/488/1243
f 2167/477/1207 2168/469/973 2169/489/1244
f 2170/469/1245 2171/477/1207 2172/468/1246
f 2173/490/1016 2174/268/1247 2175/491/1248
f 2176/492/775 2177/491/1249 2178/268/1250
f 2179/268/1251 2180/490/1016 2181/264/1252
f 2182/268/1247 2183/303/1253 2184/492/775
f 2185/493/1021 2186/494/1254 2187/270/1255
f 2188/270/1255 2189/266/1256 2190/493/1021
f 2191/270/1255 2192/495/1257 2193/266/1256
f 2194/495/1257 2195/265/1258 2196/266/1256
f 2197/495/1257 2198/270/1255 2199/496/1259
f 2200/275/1260 2201/496/1259 2202/270/1255
f 2203/265/1261 2204/495/1257 2205/497/1262
f 2206/496/1259 2207/275/1260 2208/498/1263
f 2209/275/1260 2210/499/1264 2211/498/1263
f 2212/496/1259 2213/500/1265 2214/495/1257
f 2215/500/1265 2216/497/1262 2217/495/1266
f 2218/498/1263 2219/501/1267 2220/496/1259
f 2221/500/1265 2222/496/1259 2223/501/1267
f 2224/499/1264 2225/502/1268 2226/498/1263
f 2227/501/1267 2228/498/1269 2229/502/1268
f 2230/502/1268 2231/499/1264 2232/503/1270
f 2233/503/1270 2234/504/1271 2235/502/1268
f 2236/502/1268 2237/504/1271 2238/505/1272
f 2239/501/1267 2240/502/1268 2241/505/1272
f 2242/505/1272 2243/504/1271 2244/506/1273
f 2245/507/1274 2246/501/1267 2247/505/1272
f 2248/507/1274 2249/505/1272 2250/506/1273
f 2251/508/1275 2252/501/1267 2253/507/1274
f 2254/501/1267 2255/508/1275 2256/500/1265
f 2257/508/1275 2258/507/1274 2259/506/1273
f 2260/509/1276 2261/500/1265 2262/508/1275
f 2263/509/1276 2264/508/1275 2265/506/1273
f 2266/500/1265 2267/509/1276 2268/510/1277
f 2269/497/1262 2270/500/1265 2271/510/1277
f 2272/509/1276 2273/511/1278 2274/510/1277
f 2275/511/1279 2276/497/1262 2277/510/1277
f 2278/512/1280 2279/509/1276 2280/506/1273
f 2281/511/1278 2282/509/1276 2283/512/1280
f 2284/497/1262 2285/511/1278 2286/513/1281
f 2287/513/1281 2288/265/1258 2289/497/1262
f 2290/265/1261 2291/513/1281 2292/264/1252
f 2293/514/1282 2294/264/1252 2295/513/1281
f 2296/513/1281 2297/511/1278 2298/514/1283
f 2299/264/1252 2300/514/1283 2301/268/1247
f 2302/511/1278 2303/512/1280 2304/515/1284
f 2305/514/1283 2306/511/1278 2307/515/1284
f 2308/515/1284 2309/512/1280 2310/516/1285
f 2311/516/1285 2312/512/1280 2313/506/1273
f 2314/517/1286 2315/514/1283 2316/515/1284
f 2317/515/1284 2318/516/1285 2319/517/1286
f 2320/518/1287 2321/268/1247 2322/514/1283
f 2323/514/1283 2324/517/1286 2325/518/1287
f 2326/268/1247 2327/518/1288 2328/303/1253
f 2329/519/1289 2330/516/1285 2331/506/1273
f 2332/519/1289 2333/517/1286 2334/516/1285
f 2335/305/1290 2336/303/1253 2337/518/1287
f 2338/520/1291 2339/518/1292 2340/517/1286
f 2341/518/1287 2342/520/1291 2343/305/1290
f 2344/517/1286 2345/521/1293 2346/520/1291
f 2347/522/1294 2348/517/1286 2349/519/1289
f 2350/517/1286 2351/522/1294 2352/521/1293
f 2353/522/1294 2354/519/1289 2355/506/1273
f 2356/523/1295 2357/520/1291 2358/521/1293
f 2359/522/1294 2360/523/1296 2361/521/1293
f 2362/524/1297 2363/305/1290 2364/520/1291
f 2365/520/1291 2366/523/1296 2367/524/1297
f 2368/525/1298 2369/522/1294 2370/506/1273
f 2371/523/1296 2372/522/1294 2373/525/1298
f 2374/526/1299 2375/523/1296 2376/525/1298
f 2377/526/1299 2378/525/1298 2379/506/1273
f 2380/305/1290 2381/524/1297 2382/306/1300
f 2383/523/1296 2384/527/1301 2385/524/1297
f 2386/524/1302 2387/309/1303 2388/306/1300
f 2389/309/1303 2390/524/1297 2391/527/1301
f 2392/306/1300 2393/528/1304 2394/529/782
f 2395/528/1305 2396/306/1306 2397/309/1307
f 2398/309/1303 2399/530/29 2400/528/1308
f 2401/530/29 2402/309/1309 2403/253/1310
f 2404/527/1301 2405/253/1310 2406/309/1303
f 2407/253/1310 2408/527/1311 2409/531/1312
f 2410/252/1313 2411/253/1310 2412/531/1312
f 2413/527/1301 2414/532/1314 2415/531/1312
f 2416/252/1313 2417/531/1312 2418/533/1315
f 2419/533/1315 2420/531/1312 2421/532/1314
f 2422/534/1316 2423/252/1313 2424/533/1317
f 2425/252/1313 2426/534/1318 2427/250/1319
f 2428/533/1315 2429/535/1320 2430/534/1321
f 2431/536/1322 2432/250/1319 2433/534/1323
f 2434/535/1320 2435/536/1322 2436/534/1318
f 2437/535/1324 2438/533/1315 2439/537/1325
f 2440/533/1315 2441/532/1326 2442/537/1325
f 2443/535/1320 2444/537/1325 2445/538/1327
f 2446/532/1314 2447/538/1327 2448/537/1325
f 2449/247/1328 2450/539/38 2451/250/1319
f 2452/250/1319 2453/536/1322 2454/247/1328
f 2455/539/38 2456/247/1328 2457/540/1329
f 2458/536/1322 2459/248/1330 2460/247/1328
f 2461/247/1331 2462/541/1332 2463/540/1329
f 2464/541/1332 2465/247/1328 2466/248/1333
f 2467/248/1330 2468/499/1264 2469/249/1334
f 2470/499/1264 2471/248/1330 2472/542/1335
f 2473/248/1330 2474/536/1322 2475/542/1335
f 2476/543/1336 2477/499/1264 2478/542/1335
f 2479/499/1264 2480/543/1336 2481/503/1270
f 2482/543/1336 2483/504/1271 2484/503/1270
f 2485/544/1337 2486/542/1338 2487/536/1322
f 2488/542/1339 2489/544/1337 2490/543/1336
f 2491/536/1322 2492/535/1320 2493/544/1337
f 2494/504/1271 2495/543/1336 2496/545/1340
f 2497/544/1337 2498/545/1340 2499/543/1336
f 2500/504/1271 2501/545/1340 2502/506/1273
f 2503/545/1340 2504/544/1337 2505/546/1341
f 2506/545/1340 2507/546/1341 2508/506/1273
f 2509/544/1337 2510/535/1320 2511/547/1342
f 2512/544/1337 2513/547/1342 2514/546/1341
f 2515/546/1341 2516/547/1342 2517/506/1273
f 2518/547/1342 2519/535/1320 2520/538/1327
f 2521/547/1342 2522/538/1327 2523/506/1273
f 2524/538/1327 2525/548/1343 2526/506/1273
f 2527/538/1327 2528/532/1314 2529/548/1343
f 2530/549/1344 2531/548/1343 2532/532/1314
f 2533/532/1314 2534/527/1301 2535/549/1344
f 2536/527/1301 2537/523/1296 2538/549/1344
f 2539/523/1296 2540/526/1299 2541/549/1344
f 2542/548/1343 2543/549/1344 2544/526/1299
f 2545/548/1343 2546/526/1299 2547/506/1273
f 2548/550/1345 2549/270/1346 2550/494/1347
f 2551/270/1255 2552/550/1345 2553/275/1348
f 2554/275/1260 2555/249/1334 2556/499/1264
f 2557/551/1349 2558/552/1350 2559/553/863
f 2560/552/1350 2561/551/1349 2562/554/1351
f 2563/552/1350 2564/555/1352 2565/556/1353
f 2566/554/1351 2567/557/1354 2568/552/1350
f 2569/557/1354 2570/555/1352 2571/552/1350
f 2572/554/1351 2573/558/1355 2574/557/1354
f 2575/559/1356 2576/557/1354 2577/558/1355
f 2578/560/1357 2579/559/1356 2580/558/1358
f 2581/561/1359 2582/559/1356 2583/560/1360
f 2584/559/1356 2585/561/1361 2586/562/1362
f 2587/563/1363 2588/562/1362 2589/561/1364
f 2590/562/1365 2591/563/1366 2592/564/1367
f 2593/564/1368 2594/565/1369 2595/562/1362
f 2596/566/1370 2597/564/1367 2598/563/1366
f 2599/564/1367 2600/566/1370 2601/567/1371
f 2602/565/1372 2603/564/1367 2604/568/1373
f 2605/569/1374 2606/570/1375 2607/571/1376
f 2608/569/1374 2609/571/1376 2610/572/1377
f 2611/573/1378 2612/574/1379 2613/575/1380
f 2614/574/1379 2615/573/1378 2616/576/1381
f 2617/576/1382 2618/577/1383 2619/574/1384
f 2620/577/1383 2621/576/1382 2622/578/1385
f 2623/579/1386 2624/576/1387 2625/573/1378
f 2626/579/1386 2627/573/1378 2628/580/1388
f 2629/581/1389 2630/576/1390 2631/579/1391
f 2632/578/1392 2633/576/1393 2634/581/1394
f 2635/581/1395 2636/582/1396 2637/578/1385
f 2638/582/1397 2639/581/1395 2640/583/1398
f 2641/569/1399 2642/584/1400 2643/585/1401
f 2644/584/1402 2645/569/1403 2646/572/1404
f 2647/572/1405 2648/586/1406 2649/584/1407
f 2650/586/1406 2651/572/1408 2652/587/1409
f 2653/588/1410 2654/586/1411 2655/587/1412
f 2656/586/1413 2657/588/1414 2658/589/1415
f 2659/590/1416 2660/591/1417 2661/592/1418
f 2662/591/1419 2663/590/1416 2664/593/1420
f 2665/594/1421 2666/580/1422 2667/595/1423
f 2668/580/1424 2669/594/1425 2670/579/1426
f 2671/596/1427 2672/579/1428 2673/594/1429
f 2674/579/1386 2675/596/1430 2676/581/1431
f 2677/596/1430 2678/583/1163 2679/581/1432
f 2680/583/1163 2681/596/1430 2682/597/1433
f 2683/585/911 2684/598/1434 2685/599/1435
f 2686/598/1434 2687/585/911 2688/584/1436
f 2689/584/1437 2690/600/1438 2691/598/1439
f 2692/600/1438 2693/584/1407 2694/586/1406
f 2695/589/1440 2696/600/1441 2697/586/1413
f 2698/601/1442 2699/600/1441 2700/589/1440
f 2701/602/1443 2702/603/197 2703/604/1444
f 2704/604/1444 2705/605/1445 2706/602/1443
f 2707/604/1446 2708/606/1447 2709/605/1448
f 2710/606/1447 2711/607/1449 2712/605/1450
f 2713/606/1451 2714/608/1452 2715/607/1453
f 2716/608/1454 2717/606/1451 2718/609/1455
f 2719/610/1456 2720/611/1457 2721/612/1194
f 2722/611/1458 2723/610/1459 2724/613/1460
f 2725/613/1461 2726/614/1462 2727/611/1463
f 2728/614/1462 2729/613/1464 2730/615/1465
f 2731/615/1466 2732/616/1467 2733/614/1468
f 2734/616/1467 2735/617/1469 2736/614/1468
f 2737/618/1470 2738/619/227 2739/620/1471
f 2740/620/1472 2741/621/1473 2742/618/1470
f 2743/621/1473 2744/620/1471 2745/622/1474
f 2746/621/1475 2747/622/1474 2748/623/1476
f 2749/622/1477 2750/624/969 2751/623/1478
f 2752/624/1479 2753/622/1477 2754/625/975
f 2755/595/1423 2756/605/1480 2757/607/1449
f 2758/595/1423 2759/607/1449 2760/594/1481
f 2761/626/1482 2762/627/959 2763/628/1175
f 2764/627/959 2765/626/1482 2766/629/1483
f 2767/630/1484 2768/629/1485 2769/626/1486
f 2770/629/1487 2771/630/1488 2772/631/1489
f 2773/630/1490 2774/632/1491 2775/631/1492
f 2776/632/1493 2777/630/1490 2778/633/1494
f 2779/634/1495 2780/620/1472 2781/619/1496
f 2782/620/1471 2783/634/1495 2784/635/1497
f 2785/635/1497 2786/622/1498 2787/620/1499
f 2788/622/1498 2789/635/1500 2790/636/1501
f 2791/637/1502 2792/622/1503 2793/636/1504
f 2794/625/975 2795/622/1477 2796/637/1505
f 2797/638/1506 2798/639/1507 2799/640/1508
f 2800/638/1509 2801/640/1508 2802/641/1510
f 2803/642/1511 2804/641/1510 2805/640/1508
f 2806/641/1510 2807/642/1511 2808/643/1512
f 2809/642/1513 2810/644/1514 2811/643/1512
f 2812/644/1514 2813/642/1515 2814/645/1516
f 2815/645/998 2816/218/1517 2817/644/1518
f 2818/570/1519 2819/646/1223 2820/647/1520
f 2821/570/1375 2822/647/1520 2823/571/1521
f 2824/647/1522 2825/648/1523 2826/571/1524
f 2827/571/1525 2828/648/1526 2829/649/1527
f 2830/648/1528 2831/650/244 2832/649/1529
f 2833/650/1530 2834/648/1531 2835/219/1532
f 2836/651/1533 2837/652/1210 2838/601/1224
f 2839/600/1534 2840/601/1224 2841/652/1535
f 2842/643/1536 2843/646/1223 2844/641/1537
f 2845/643/1538 2846/647/1539 2847/646/1223
f 2848/644/1540 2849/647/1541 2850/643/1542
f 2851/648/1543 2852/647/1544 2853/644/1540
f 2854/644/1545 2855/219/1546 2856/648/1547
f 2857/219/1548 2858/644/1518 2859/218/245
f 2860/612/1549 2861/626/1550 2862/628/1175
f 2863/626/1551 2864/612/1552 2865/611/1457
f 2866/611/1457 2867/630/1553 2868/626/1554
f 2869/630/1553 2870/611/1457 2871/614/1468
f 2872/630/1490 2873/614/1555 2874/617/1556
f 2875/630/1490 2876/617/1557 2877/633/1558
f 2878/623/1559 2879/645/1560 2880/642/1561
f 2881/645/1562 2882/623/1563 2883/624/1564
f 2884/640/1565 2885/623/1566 2886/642/1567
f 2887/640/1565 2888/621/1568 2889/623/1566
f 2890/639/1200 2891/621/1569 2892/640/1570
f 2893/639/1200 2894/618/1571 2895/621/1572
f 2896/653/1573 2897/654/1574 2898/655/1575
f 2899/577/1576 2900/654/1574 2901/653/1573
f 2902/653/1577 2903/574/1578 2904/577/1579
f 2905/574/1580 2906/653/1577 2907/593/1581
f 2908/593/1582 2909/575/1380 2910/574/1583
f 2911/575/1380 2912/593/1420 2913/590/1416
f 2914/616/1584 2915/615/1466 2916/656/1585
f 2917/656/1585 2918/615/1586 2919/591/1587
f 2920/615/1588 2921/592/1418 2922/591/1589
f 2923/592/1418 2924/615/1588 2925/613/1590
f 2926/613/1591 2927/657/1592 2928/592/1593
f 2929/657/1594 2930/613/1595 2931/610/1596
f 2932/658/1597 2933/659/1598 2934/652/1599
f 2935/658/1597 2936/652/1599 2937/660/1600
f 2938/658/1601 2939/661/1602 2940/659/1603
f 2941/661/1604 2942/658/1601 2943/662/1605
f 2944/662/1606 2945/663/1607 2946/661/1608
f 2947/663/1609 2948/662/1606 2949/664/1610
f 2950/597/1611 2951/608/1612 2952/665/1613
f 2953/608/1612 2954/597/1611 2955/596/1614
f 2956/594/1615 2957/608/1616 2958/596/1614
f 2959/608/1616 2960/594/1615 2961/607/1453
f 2962/654/1617 2963/578/1618 2964/582/1004
f 2965/578/1619 2966/654/1620 2967/577/1576
f 2968/636/1621 2969/660/1600 2970/637/1505
f 2971/660/1600 2972/636/1621 2973/658/1622
f 2974/636/1623 2975/662/1624 2976/658/1601
f 2977/662/1624 2978/636/1625 2979/635/1626
f 2980/664/95 2981/635/1627 2982/634/1628
f 2983/635/1629 2984/664/95 2985/662/1630
f 2986/598/1631 2987/600/1441 2988/659/1632
f 2989/600/1438 2990/652/1633 2991/659/1632
f 2992/659/1634 2993/599/1635 2994/598/1636
f 2995/599/1635 2996/659/1634 2997/661/1637
f 2998/609/1638 2999/631/1639 3000/632/1640
f 3001/631/1492 3002/609/1641 3003/606/1451
f 3004/631/1642 3005/606/1643 3006/604/1644
f 3007/631/1642 3008/604/1644 3009/629/1645
f 3010/629/1646 3011/604/1647 3012/603/197
f 3013/629/1648 3014/603/197 3015/627/959
f 3016/656/1585 3017/655/1649 3018/666/1650
f 3019/656/1585 3020/653/1577 3021/655/1575
f 3022/656/1585 3023/593/1651 3024/653/1577
f 3025/593/1651 3026/656/1652 3027/591/1653
f 3028/649/1529 3029/588/1410 3030/587/1654
f 3031/588/1410 3032/649/1655 3033/650/244
f 3034/572/1656 3035/649/1657 3036/587/1658
f 3037/572/1656 3038/571/1659 3039/649/1657
f 3040/2/1660 3041/3/1661 3042/1/1662
f 3043/1/1663 3044/4/1664 3045/2/1660
f 3046/3/1665 3047/6/1666 3048/5/1667
f 3049/1/1663 3050/3/1661 3051/5/1667
f 3052/5/1668 3053/6/1669 3054/11/1332
f 3055/1/1663 3056/5/1667 3057/10/1670
f 3058/5/1667 3059/11/1332 3060/17/1671
f 3061/10/1672 3062/5/1673 3063/17/1671
f 3064/17/1671 3065/11/1332 3066/18/1674
f 3067/11/1332 3068/19/1675 3069/18/1676
f 3070/18/1677 3071/19/1678 3072/20/1679
f 3073/10/1680 3074/7/1681 3075/1/1663
f 3076/4/1682 3077/1/1663 3078/7/1681
f 3079/7/1681 3080/8/1683 3081/4/1682
f 3082/7/1681 3083/10/1670 3084/12/1684
f 3085/8/1685 3086/7/1681 3087/9/1686
f 3088/12/1684 3089/9/1687 3090/7/1681
f 3091/9/1688 3092/12/1684 3093/13/1689
f 3094/30/1690 3095/33/1691 3096/9/1692
f 3097/33/1693 3098/8/1694 3099/9/1692
f 3100/29/1695 3101/30/1696 3102/13/1697
f 3103/30/1698 3104/9/1692 3105/13/1697
f 3106/13/1699 3107/31/507 3108/29/1700
f 3109/31/1701 3110/13/1702 3111/14/1703
f 3112/14/1703 3113/32/1704 3114/31/1705
f 3115/32/1706 3116/14/1703 3117/16/1707
f 3118/14/1703 3119/15/1708 3120/16/1707
f 3121/13/1709 3122/12/1684 3123/14/1710
f 3124/14/1711 3125/12/1684 3126/15/1712
f 3127/12/1684 3128/10/1713 3129/15/1708
f 3130/16/1707 3131/15/1708 3132/28/1714
f 3133/15/1708 3134/10/1713 3135/25/1715
f 3136/15/1708 3137/25/1715 3138/28/1714
f 3139/10/1713 3140/23/1716 3141/25/1715
f 3142/23/1716 3143/10/1717 3144/17/1718
f 3145/28/1719 3146/25/1715 3147/27/1720
f 3148/26/1721 3149/25/1715 3150/23/1722
f 3151/25/1723 3152/26/1724 3153/27/1725
f 3154/17/1718 3155/22/1345 3156/23/1722
f 3157/22/1345 3158/17/1718 3159/18/1726
f 3160/23/1722 3161/24/1727 3162/26/1728
f 3163/24/1729 3164/23/1730 3165/22/1345
f 3166/18/1731 3167/21/1732 3168/22/1733
f 3169/21/1732 3170/18/1731 3171/20/1679
f 3172/667/1734 3173/668/1735 3174/669/1736
f 3175/669/1736 3176/670/1737 3177/671/1738
f 3178/672/1739 3179/671/1740 3180/670/1737
f 3181/673/1741 3182/674/1742 3183/391/1743
f 3184/391/1744 3185/675/1745 3186/673/1741
f 3187/674/1746 3188/673/1747 3189/676/336
f 3190/676/336 3191/677/1748 3192/674/1749
f 3193/671/1750 3194/120/210 3195/678/459
f 3196/120/210 3197/671/1750 3198/672/1751
f 3199/679/1752 3200/680/1753 3201/681/1754
f 3202/680/1755 3203/679/1752 3204/682/1756
f 3205/680/1757 3206/683/1116 3207/684/1367
f 3208/682/1756 3209/685/1758 3210/680/1371
f 3211/683/1116 3212/680/1757 3213/685/1758
f 3214/685/1759 3215/682/1760 3216/686/1761
f 3217/685/1762 3218/68/1763 3219/683/1764
f 3220/686/1761 3221/67/1765 3222/685/1766
f 3223/68/483 3224/685/1758 3225/67/1767
f 3226/67/1768 3227/686/1761 3228/72/1769
f 3229/686/1770 3230/74/1771 3231/72/487
f 3232/687/1772 3233/74/1773 3234/686/1774
f 3235/687/1772 3236/75/125 3237/74/572
f 3238/682/1775 3239/687/1776 3240/686/1777
f 3241/688/1778 3242/75/1779 3243/687/1780
f 3244/689/1781 3245/687/1782 3246/682/1775
f 3247/689/1783 3248/688/1784 3249/687/1782
f 3250/679/1752 3251/689/1785 3252/682/1775
f 3253/679/1786 3254/690/1787 3255/689/1785
f 3256/691/116 3257/689/1783 3258/690/1787
f 3259/691/116 3260/688/1788 3261/689/1783
f 3262/692/1789 3263/691/116 3264/690/1787
f 3265/693/151 3266/694/1790 3267/695/1791
f 3268/694/1792 3269/693/1793 3270/696/1794
f 3271/696/1795 3272/697/1796 3273/694/1797
f 3274/697/1798 3275/696/1799 3276/698/1800
f 3277/697/1801 3278/698/1802 3279/699/1803
f 3280/697/1801 3281/699/1804 3282/700/1805
f 3283/698/1802 3284/701/1806 3285/702/1807
f 3286/702/1808 3287/699/1809 3288/698/1802
f 3289/703/672 3290/704/1810 3291/705/1811
f 3292/704/1812 3293/703/672 3294/36/1813
f 3295/706/1814 3296/707/1815 3297/708/1816
f 3298/707/1815 3299/706/1814 3300/709/1817
f 3301/709/1818 3302/710/1593 3303/707/1819
f 3304/710/1593 3305/709/1818 3306/711/1820
f 3307/712/1821 3308/703/1822 3309/713/699
f 3310/703/1822 3311/712/1823 3312/36/1824
f 3313/712/1825 3314/714/1826 3315/36/1827
f 3316/714/1826 3317/712/1825 3318/715/1828
f 3319/715/1829 3320/716/1090 3321/717/1830
f 3322/716/1831 3323/715/1828 3324/712/1832
f 3325/713/699 3326/716/454 3327/712/1833
f 3328/695/1791 3329/706/1834 3330/718/1150
f 3331/706/1835 3332/695/1791 3333/694/1836
f 3334/694/1837 3335/709/1838 3336/706/1834
f 3337/709/1839 3338/694/1837 3339/697/1796
f 3340/705/676 3341/719/65 3342/720/1840
f 3343/719/65 3344/705/676 3345/704/1841
f 3346/721/1842 3347/715/1843 3348/722/1224
f 3349/715/1844 3350/721/1845 3351/714/1846
f 3352/672/1847 3353/723/1848 3354/120/1849
f 3355/120/1849 3356/723/1850 3357/724/1851
f 3358/36/1852 3359/725/1853 3360/704/184
f 3361/725/1853 3362/36/1827 3363/714/1854
f 3364/674/1855 3365/726/1856 3366/727/1857
f 3367/674/1855 3368/728/1858 3369/726/1859
f 3370/674/1855 3371/727/1860 3372/391/1861
f 3373/391/1861 3374/727/1862 3375/729/1863
f 3376/728/1864 3377/674/1855 3378/677/1748
f 3379/729/1865 3380/730/1866 3381/391/1861
f 3382/731/1867 3383/732/1868 3384/724/1869
f 3385/732/1868 3386/731/1494 3387/733/207
f 3388/670/1870 3389/734/1871 3390/672/1872
f 3391/723/1873 3392/672/1874 3393/734/1871
f 3394/734/1871 3395/735/1640 3396/723/1850
f 3397/735/1640 3398/734/1871 3399/736/1875
f 3400/724/1876 3401/735/1640 3402/731/1867
f 3403/723/1877 3404/735/1640 3405/724/1876
f 3406/726/1878 3407/737/1879 3408/738/1880
f 3409/737/1881 3410/726/1882 3411/728/1883
f 3412/739/1884 3413/673/1885 3414/675/1886
f 3415/675/1886 3416/740/1887 3417/739/1884
f 3418/673/1747 3419/739/1884 3420/741/1888
f 3421/741/1889 3422/676/1890 3423/673/1747
f 3424/668/1891 3425/742/1892 3426/670/1893
f 3427/734/1871 3428/670/1870 3429/742/1894
f 3430/742/1892 3431/736/1895 3432/734/1896
f 3433/736/1895 3434/742/1892 3435/743/1897
f 3436/721/1440 3437/725/1898 3438/714/1846
f 3439/725/1898 3440/721/1845 3441/744/1410
f 3442/722/1899 3443/717/1089 3444/745/1204
f 3445/675/1900 3446/730/1901 3447/746/1200
f 3448/675/1900 3449/391/1902 3450/730/1571
f 3451/711/1903 3452/697/1801 3453/700/1805
f 3454/697/1904 3455/711/1820 3456/709/1905
